run,data_type,n,algo,time_ns,char_cmp
1,random,100,quick_std,31083,14968
1,random,100,merge_std,61833,622
1,random,100,merge_lcp,59250,530
1,random,100,string_quick3,7958,1081
1,random,100,msd_plain,22666,356
1,random,100,msd_switch,13625,390
1,reverse,100,quick_std,22334,13612
1,reverse,100,merge_std,57875,597
1,reverse,100,merge_lcp,58791,348
1,reverse,100,string_quick3,5958,1044
1,reverse,100,msd_plain,29375,488
1,reverse,100,msd_switch,16208,978
1,almost,100,quick_std,26292,14629
1,almost,100,merge_std,40833,818
1,almost,100,merge_lcp,38708,375
1,almost,100,string_quick3,6792,1673
1,almost,100,msd_plain,28500,480
1,almost,100,msd_switch,15500,1322
1,random,200,quick_std,63041,32014
1,random,200,merge_std,126167,1504
1,random,200,merge_lcp,126583,1201
1,random,200,string_quick3,16416,2605
1,random,200,msd_plain,48833,778
1,random,200,msd_switch,27375,938
1,reverse,200,quick_std,45041,29070
1,reverse,200,merge_std,122083,1324
1,reverse,200,merge_lcp,123667,746
1,reverse,200,string_quick3,12750,2914
1,reverse,200,msd_plain,57166,972
1,reverse,200,msd_switch,31458,2018
1,almost,200,quick_std,55417,31232
1,almost,200,merge_std,94209,1803
1,almost,200,merge_lcp,89958,774
1,almost,200,string_quick3,12125,2802
1,almost,200,msd_plain,55417,932
1,almost,200,msd_switch,31042,2538
1,random,300,quick_std,91125,43581
1,random,300,merge_std,197625,2555
1,random,300,merge_lcp,209125,1953
1,random,300,string_quick3,25459,4051
1,random,300,msd_plain,76208,1244
1,random,300,msd_switch,40375,1628
1,reverse,300,quick_std,60292,39140
1,reverse,300,merge_std,189667,2032
1,reverse,300,merge_lcp,198833,1108
1,reverse,300,string_quick3,18958,4474
1,reverse,300,msd_plain,90125,1448
1,reverse,300,msd_switch,47333,3005
1,almost,300,quick_std,78791,43343
1,almost,300,merge_std,153542,2853
1,almost,300,merge_lcp,149625,1144
1,almost,300,string_quick3,19417,4263
1,almost,300,msd_plain,82583,1390
1,almost,300,msd_switch,45625,3875
1,random,400,quick_std,128417,61336
1,random,400,merge_std,272709,3651
1,random,400,merge_lcp,285333,2703
1,random,400,string_quick3,35542,5744
1,random,400,msd_plain,101375,1676
1,random,400,msd_switch,57250,2306
1,reverse,400,quick_std,89709,58988
1,reverse,400,merge_std,256959,2806
1,reverse,400,merge_lcp,270125,1483
1,reverse,400,string_quick3,24708,6080
1,reverse,400,msd_plain,114000,1940
1,reverse,400,msd_switch,61500,4002
1,almost,400,quick_std,106500,62595
1,almost,400,merge_std,214375,4027
1,almost,400,merge_lcp,209375,1560
1,almost,400,string_quick3,25834,5476
1,almost,400,msd_plain,109750,1856
1,almost,400,msd_switch,60750,5080
1,random,500,quick_std,158666,78633
1,random,500,merge_std,346500,4856
1,random,500,merge_lcp,362125,3506
1,random,500,string_quick3,46417,8717
1,random,500,msd_plain,126209,2096
1,random,500,msd_switch,71583,3062
1,reverse,500,quick_std,116792,58837
1,reverse,500,merge_std,354167,3720
1,reverse,500,merge_lcp,349375,1842
1,reverse,500,string_quick3,30584,8051
1,reverse,500,msd_plain,139250,2410
1,reverse,500,msd_switch,75958,5054
1,almost,500,quick_std,131083,72880
1,almost,500,merge_std,279500,4912
1,almost,500,merge_lcp,283416,1980
1,almost,500,string_quick3,32125,7188
1,almost,500,msd_plain,137750,2328
1,almost,500,msd_switch,81166,6821
1,random,600,quick_std,192875,93688
1,random,600,merge_std,466209,6122
1,random,600,merge_lcp,483416,4402
1,random,600,string_quick3,58125,8925
1,random,600,msd_plain,152500,2540
1,random,600,msd_switch,89584,3881
1,reverse,600,quick_std,122875,80418
1,reverse,600,merge_std,389208,4366
1,reverse,600,merge_lcp,430458,2218
1,reverse,600,string_quick3,36625,9728
1,reverse,600,msd_plain,174250,2918
1,reverse,600,msd_switch,95458,6108
1,almost,600,quick_std,163000,91651
1,almost,600,merge_std,354625,6409
1,almost,600,merge_lcp,401333,2425
1,almost,600,string_quick3,40458,9753
1,almost,600,msd_plain,172125,2800
1,almost,600,msd_switch,92333,8014
1,random,700,quick_std,228084,108744
1,random,700,merge_std,504833,7419
1,random,700,merge_lcp,534917,5257
1,random,700,string_quick3,68084,11590
1,random,700,msd_plain,178458,3008
1,random,700,msd_switch,107083,4829
1,reverse,700,quick_std,155667,101972
1,reverse,700,merge_std,469875,5259
1,reverse,700,merge_lcp,498042,2595
1,reverse,700,string_quick3,43167,11551
1,reverse,700,msd_plain,199625,3396
1,reverse,700,msd_switch,107083,7133
1,almost,700,quick_std,185125,104658
1,almost,700,merge_std,424792,7672
1,almost,700,merge_lcp,519458,2846
1,almost,700,string_quick3,52583,12982
1,almost,700,msd_plain,206958,3284
1,almost,700,msd_switch,108167,9568
1,random,800,quick_std,270500,122764
1,random,800,merge_std,654208,8777
1,random,800,merge_lcp,633667,6142
1,random,800,string_quick3,78834,13597
1,random,800,msd_plain,204334,3470
1,random,800,msd_switch,122208,5936
1,reverse,800,quick_std,179334,118139
1,reverse,800,merge_std,543500,6050
1,reverse,800,merge_lcp,571208,2983
1,reverse,800,string_quick3,49834,13232
1,reverse,800,msd_plain,228250,3880
1,reverse,800,msd_switch,123542,8146
1,almost,800,quick_std,210458,119192
1,almost,800,merge_std,488125,8906
1,almost,800,merge_lcp,501750,3256
1,almost,800,string_quick3,62083,16705
1,almost,800,msd_plain,218500,3742
1,almost,800,msd_switch,122625,10734
1,random,900,quick_std,293541,140141
1,random,900,merge_std,726916,10174
1,random,900,merge_lcp,783333,7046
1,random,900,string_quick3,88875,13844
1,random,900,msd_plain,231541,3922
1,random,900,msd_switch,138625,6887
1,reverse,900,quick_std,180666,116076
1,reverse,900,merge_std,615584,6959
1,reverse,900,merge_lcp,646500,3354
1,reverse,900,string_quick3,56333,15415
1,reverse,900,msd_plain,257750,4344
1,reverse,900,msd_switch,139042,9110
1,almost,900,quick_std,237875,132517
1,almost,900,merge_std,561458,10013
1,almost,900,merge_lcp,579000,3728
1,almost,900,string_quick3,68167,17749
1,almost,900,msd_plain,250584,4226
1,almost,900,msd_switch,140041,12155
1,random,1000,quick_std,350375,156073
1,random,1000,merge_std,827750,11543
1,random,1000,merge_lcp,778958,7916
1,random,1000,string_quick3,105208,17509
1,random,1000,msd_plain,252583,4352
1,random,1000,msd_switch,154458,7745
1,reverse,1000,quick_std,181000,116999
1,reverse,1000,merge_std,691500,7938
1,reverse,1000,merge_lcp,782792,3747
1,reverse,1000,string_quick3,62667,17251
1,reverse,1000,msd_plain,285875,4818
1,reverse,1000,msd_switch,156875,10120
1,almost,1000,quick_std,266500,151066
1,almost,1000,merge_std,619000,10996
1,almost,1000,merge_lcp,662833,4119
1,almost,1000,string_quick3,71917,17622
1,almost,1000,msd_plain,277584,4704
1,almost,1000,msd_switch,156167,13606
1,random,1100,quick_std,361667,171820
1,random,1100,merge_std,900875,12984
1,random,1100,merge_lcp,904125,8953
1,random,1100,string_quick3,111250,17908
1,random,1100,msd_plain,274792,4798
1,random,1100,msd_switch,170875,8936
1,reverse,1100,quick_std,209167,136817
1,reverse,1100,merge_std,749041,8725
1,reverse,1100,merge_lcp,862292,4112
1,reverse,1100,string_quick3,70833,18975
1,reverse,1100,msd_plain,315459,5310
1,reverse,1100,msd_switch,169667,11102
1,almost,1100,quick_std,281834,161417
1,almost,1100,merge_std,775875,12513
1,almost,1100,merge_lcp,765958,4699
1,almost,1100,string_quick3,78750,18786
1,almost,1100,msd_plain,305875,5194
1,almost,1100,msd_switch,173334,14810
1,random,1200,quick_std,403917,180766
1,random,1200,merge_std,977458,14514
1,random,1200,merge_lcp,983542,9961
1,random,1200,string_quick3,122916,19205
1,random,1200,msd_plain,306375,5276
1,random,1200,msd_switch,185583,10112
1,reverse,1200,quick_std,242625,161727
1,reverse,1200,merge_std,931833,9362
1,reverse,1200,merge_lcp,895042,4506
1,reverse,1200,string_quick3,76167,20959
1,reverse,1200,msd_plain,338791,5778
1,reverse,1200,msd_switch,180959,12144
1,almost,1200,quick_std,309750,179565
1,almost,1200,merge_std,779334,14095
1,almost,1200,merge_lcp,812500,5140
1,almost,1200,string_quick3,83292,19649
1,almost,1200,msd_plain,335416,5684
1,almost,1200,msd_switch,187166,16128
1,random,1300,quick_std,427167,201419
1,random,1300,merge_std,1010709,15990
1,random,1300,merge_lcp,1065250,10895
1,random,1300,string_quick3,135917,21330
1,random,1300,msd_plain,339917,5734
1,random,1300,msd_switch,204834,10824
1,reverse,1300,quick_std,272500,177273
1,reverse,1300,merge_std,957792,10350
1,reverse,1300,merge_lcp,985708,4896
1,reverse,1300,string_quick3,84916,23449
1,reverse,1300,msd_plain,370334,6256
1,reverse,1300,msd_switch,197542,13165
1,almost,1300,quick_std,366250,196219
1,almost,1300,merge_std,917250,15616
1,almost,1300,merge_lcp,990292,5598
1,almost,1300,string_quick3,124958,23094
1,almost,1300,msd_plain,363709,6190
1,almost,1300,msd_switch,210542,17337
1,random,1400,quick_std,451416,211973
1,random,1400,merge_std,1129042,17523
1,random,1400,merge_lcp,1147000,11773
1,random,1400,string_quick3,144083,23764
1,random,1400,msd_plain,360500,6224
1,random,1400,msd_switch,221000,12049
1,reverse,1400,quick_std,307125,199605
1,reverse,1400,merge_std,1012875,11173
1,reverse,1400,merge_lcp,1079292,5293
1,reverse,1400,string_quick3,91417,24964
1,reverse,1400,msd_plain,394833,6758
1,reverse,1400,msd_switch,214875,14203
1,almost,1400,quick_std,375875,212168
1,almost,1400,merge_std,950958,16849
1,almost,1400,merge_lcp,971167,6042
1,almost,1400,string_quick3,104791,24523
1,almost,1400,msd_plain,409917,6680
1,almost,1400,msd_switch,232709,18462
1,random,1500,quick_std,495750,235929
1,random,1500,merge_std,1245208,19096
1,random,1500,merge_lcp,1236334,12715
1,random,1500,string_quick3,163166,28491
1,random,1500,msd_plain,409459,6740
1,random,1500,msd_switch,235000,13465
1,reverse,1500,quick_std,340750,222332
1,reverse,1500,merge_std,1071542,12053
1,reverse,1500,merge_lcp,1163292,5688
1,reverse,1500,string_quick3,98500,26810
1,reverse,1500,msd_plain,421583,7222
1,reverse,1500,msd_switch,228583,15273
1,almost,1500,quick_std,394166,223180
1,almost,1500,merge_std,1011667,18080
1,almost,1500,merge_lcp,1061375,6475
1,almost,1500,string_quick3,113875,27706
1,almost,1500,msd_plain,429625,7154
1,almost,1500,msd_switch,233083,19792
1,random,1600,quick_std,525292,241863
1,random,1600,merge_std,1283708,20675
1,random,1600,merge_lcp,1392542,13704
1,random,1600,string_quick3,180375,30119
1,random,1600,msd_plain,417000,7238
1,random,1600,msd_switch,252209,14286
1,reverse,1600,quick_std,355250,234915
1,reverse,1600,merge_std,1122500,12967
1,reverse,1600,merge_lcp,1196708,6085
1,reverse,1600,string_quick3,104416,28825
1,reverse,1600,msd_plain,453042,7712
1,reverse,1600,msd_switch,246125,16276
1,almost,1600,quick_std,411000,231069
1,almost,1600,merge_std,1072791,19573
1,almost,1600,merge_lcp,1194875,7015
1,almost,1600,string_quick3,127292,32077
1,almost,1600,msd_plain,467917,7620
1,almost,1600,msd_switch,248709,21037
1,random,1700,quick_std,629375,263337
1,random,1700,merge_std,1409958,22257
1,random,1700,merge_lcp,1405542,14678
1,random,1700,string_quick3,183292,29550
1,random,1700,msd_plain,443959,7742
1,random,1700,msd_switch,269584,15708
1,reverse,1700,quick_std,357292,232510
1,reverse,1700,merge_std,1199000,13840
1,reverse,1700,merge_lcp,1274125,6485
1,reverse,1700,string_quick3,114917,31753
1,reverse,1700,msd_plain,474250,8184
1,reverse,1700,msd_switch,257334,17369
1,almost,1700,quick_std,453625,259441
1,almost,1700,merge_std,1259417,20939
1,almost,1700,merge_lcp,1204958,7555
1,almost,1700,string_quick3,135959,34011
1,almost,1700,msd_plain,478083,8136
1,almost,1700,msd_switch,264292,22198
1,random,1800,quick_std,602417,284662
1,random,1800,merge_std,1506291,23901
1,random,1800,merge_lcp,1513958,15631
1,random,1800,string_quick3,195917,32628
1,random,1800,msd_plain,477500,8260
1,random,1800,msd_switch,288042,16749
1,reverse,1800,quick_std,363042,233900
1,reverse,1800,merge_std,1323584,14852
1,reverse,1800,merge_lcp,1367500,6846
1,reverse,1800,string_quick3,122167,33493
1,reverse,1800,msd_plain,501209,8660
1,reverse,1800,msd_switch,274291,18352
1,almost,1800,quick_std,485792,274139
1,almost,1800,merge_std,1228000,21971
1,almost,1800,merge_lcp,1267833,8071
1,almost,1800,string_quick3,142542,36692
1,almost,1800,msd_plain,510542,8632
1,almost,1800,msd_switch,357541,23925
1,random,1900,quick_std,637500,297812
1,random,1900,merge_std,1565375,25557
1,random,1900,merge_lcp,1604625,16576
1,random,1900,string_quick3,209167,32620
1,random,1900,msd_plain,541084,8766
1,random,1900,msd_switch,310750,18080
1,reverse,1900,quick_std,368458,242891
1,reverse,1900,merge_std,1345209,15848
1,reverse,1900,merge_lcp,1495292,7209
1,reverse,1900,string_quick3,126667,35553
1,reverse,1900,msd_plain,545125,9132
1,reverse,1900,msd_switch,290209,19314
1,almost,1900,quick_std,507917,291479
1,almost,1900,merge_std,1378333,23201
1,almost,1900,merge_lcp,1329500,8488
1,almost,1900,string_quick3,152750,43373
1,almost,1900,msd_plain,546500,9160
1,almost,1900,msd_switch,298791,25175
1,random,2000,quick_std,756125,314947
1,random,2000,merge_std,1609542,27188
1,random,2000,merge_lcp,1715292,17603
1,random,2000,string_quick3,218500,33848
1,random,2000,msd_plain,541917,9278
1,random,2000,msd_switch,325375,19422
1,reverse,2000,quick_std,367584,241357
1,reverse,2000,merge_std,1425208,16971
1,reverse,2000,merge_lcp,1521000,7610
1,reverse,2000,string_quick3,138250,38999
1,reverse,2000,msd_plain,555750,9636
1,reverse,2000,msd_switch,304417,20430
1,almost,2000,quick_std,539792,301296
1,almost,2000,merge_std,1370375,24243
1,almost,2000,merge_lcp,1403125,8992
1,almost,2000,string_quick3,165917,44422
1,almost,2000,msd_plain,583000,9624
1,almost,2000,msd_switch,313667,26645
1,random,2100,quick_std,729167,327369
1,random,2100,merge_std,1795375,28816
1,random,2100,merge_lcp,1881500,18903
1,random,2100,string_quick3,234917,35934
1,random,2100,msd_plain,559708,9780
1,random,2100,msd_switch,341084,20723
1,reverse,2100,quick_std,386709,252614
1,reverse,2100,merge_std,1559417,17819
1,reverse,2100,merge_lcp,1673875,7996
1,reverse,2100,string_quick3,141042,39558
1,reverse,2100,msd_plain,590042,10130
1,reverse,2100,msd_switch,316458,21541
1,almost,2100,quick_std,560417,314417
1,almost,2100,merge_std,1462542,25672
1,almost,2100,merge_lcp,1661208,9454
1,almost,2100,string_quick3,180667,49598
1,almost,2100,msd_plain,595667,10112
1,almost,2100,msd_switch,326959,28221
1,random,2200,quick_std,726292,340128
1,random,2200,merge_std,1849083,30539
1,random,2200,merge_lcp,1952334,20186
1,random,2200,string_quick3,244125,40175
1,random,2200,msd_plain,716667,10312
1,random,2200,msd_switch,358167,21581
1,reverse,2200,quick_std,420291,275910
1,reverse,2200,merge_std,1633209,18558
1,reverse,2200,merge_lcp,1726208,8372
1,reverse,2200,string_quick3,151625,40931
1,reverse,2200,msd_plain,624416,10602
1,reverse,2200,msd_switch,331500,22558
1,almost,2200,quick_std,584208,328648
1,almost,2200,merge_std,1637791,27382
1,almost,2200,merge_lcp,1690167,9876
1,almost,2200,string_quick3,166959,41810
1,almost,2200,msd_plain,629375,10606
1,almost,2200,msd_switch,344125,29392
1,random,2300,quick_std,772958,358375
1,random,2300,merge_std,2037125,32223
1,random,2300,merge_lcp,2084000,21165
1,random,2300,string_quick3,263250,44938
1,random,2300,msd_plain,625542,10814
1,random,2300,msd_switch,369292,22785
1,reverse,2300,quick_std,451417,296146
1,reverse,2300,merge_std,1680583,19286
1,reverse,2300,merge_lcp,1875834,8740
1,reverse,2300,string_quick3,155750,43962
1,reverse,2300,msd_plain,655834,11090
1,reverse,2300,msd_switch,345292,23548
1,almost,2300,quick_std,620833,353713
1,almost,2300,merge_std,1618334,28667
1,almost,2300,merge_lcp,1716875,10405
1,almost,2300,string_quick3,217083,57126
1,almost,2300,msd_plain,659084,11074
1,almost,2300,msd_switch,359500,30625
1,random,2400,quick_std,811000,377448
1,random,2400,merge_std,1994416,33973
1,random,2400,merge_lcp,2132125,22139
1,random,2400,string_quick3,272708,45164
1,random,2400,msd_plain,658958,11332
1,random,2400,msd_switch,389458,24113
1,reverse,2400,quick_std,490042,326056
1,reverse,2400,merge_std,1908916,20031
1,reverse,2400,merge_lcp,1948333,9130
1,reverse,2400,string_quick3,164750,47176
1,reverse,2400,msd_plain,672000,11586
1,reverse,2400,msd_switch,365250,24603
1,almost,2400,quick_std,649875,372273
1,almost,2400,merge_std,1716875,30733
1,almost,2400,merge_lcp,1909125,10941
1,almost,2400,string_quick3,221166,54350
1,almost,2400,msd_plain,696000,11572
1,almost,2400,msd_switch,378792,31823
1,random,2500,quick_std,844958,398497
1,random,2500,merge_std,2135417,35653
1,random,2500,merge_lcp,2287291,23136
1,random,2500,string_quick3,277958,46435
1,random,2500,msd_plain,722750,11900
1,random,2500,msd_switch,430292,25529
1,reverse,2500,quick_std,522541,347812
1,reverse,2500,merge_std,1848917,21036
1,reverse,2500,merge_lcp,2027834,9504
1,reverse,2500,string_quick3,173084,50622
1,reverse,2500,msd_plain,727417,12074
1,reverse,2500,msd_switch,378916,25661
1,almost,2500,quick_std,670250,380215
1,almost,2500,merge_std,1784041,31813
1,almost,2500,merge_lcp,1908875,11386
1,almost,2500,string_quick3,185167,49020
1,almost,2500,msd_plain,725500,12046
1,almost,2500,msd_switch,390708,33011
1,random,2600,quick_std,893083,412431
1,random,2600,merge_std,2222500,37363
1,random,2600,merge_lcp,2329250,24133
1,random,2600,string_quick3,299125,49544
1,random,2600,msd_plain,720458,12422
1,random,2600,msd_switch,428292,26369
1,reverse,2600,quick_std,566917,369940
1,reverse,2600,merge_std,2005708,22034
1,reverse,2600,merge_lcp,2108208,9892
1,reverse,2600,string_quick3,182834,52765
1,reverse,2600,msd_plain,749834,12550
1,reverse,2600,msd_switch,399250,26624
1,almost,2600,quick_std,709875,397246
1,almost,2600,merge_std,2014667,33549
1,almost,2600,merge_lcp,1944375,11856
1,almost,2600,string_quick3,210250,60187
1,almost,2600,msd_plain,758459,12530
1,almost,2600,msd_switch,464166,34194
1,random,2700,quick_std,951125,426692
1,random,2700,merge_std,2471000,39195
1,random,2700,merge_lcp,2406917,25124
1,random,2700,string_quick3,309750,54143
1,random,2700,msd_plain,761458,12964
1,random,2700,msd_switch,500500,28114
1,reverse,2700,quick_std,590167,387300
1,reverse,2700,merge_std,2009625,22831
1,reverse,2700,merge_lcp,2157875,10267
1,reverse,2700,string_quick3,190542,55101
1,reverse,2700,msd_plain,802292,13030
1,reverse,2700,msd_switch,405291,27560
1,almost,2700,quick_std,740750,414740
1,almost,2700,merge_std,2002625,34347
1,almost,2700,merge_lcp,2074375,12301
1,almost,2700,string_quick3,215292,59236
1,almost,2700,msd_plain,774334,13010
1,almost,2700,msd_switch,420500,35779
1,random,2800,quick_std,967625,445623
1,random,2800,merge_std,2477250,40882
1,random,2800,merge_lcp,2500584,26081
1,random,2800,string_quick3,320375,50786
1,random,2800,msd_plain,798500,13496
1,random,2800,msd_switch,468167,29329
1,reverse,2800,quick_std,622042,409797
1,reverse,2800,merge_std,2142416,23764
1,reverse,2800,merge_lcp,2272833,10641
1,reverse,2800,string_quick3,192958,56899
1,reverse,2800,msd_plain,801834,13498
1,reverse,2800,msd_switch,428709,28500
1,almost,2800,quick_std,758500,427785
1,almost,2800,merge_std,2038209,35835
1,almost,2800,merge_lcp,2205792,12742
1,almost,2800,string_quick3,236708,68569
1,almost,2800,msd_plain,815625,13500
1,almost,2800,msd_switch,436041,37043
1,random,2900,quick_std,1041667,457822
1,random,2900,merge_std,2616416,42726
1,random,2900,merge_lcp,2646500,27113
1,random,2900,string_quick3,331709,52487
1,random,2900,msd_plain,865916,14036
1,random,2900,msd_switch,475750,30580
1,reverse,2900,quick_std,659083,429471
1,reverse,2900,merge_std,2146500,24674
1,reverse,2900,merge_lcp,2357250,11051
1,reverse,2900,string_quick3,201750,58179
1,reverse,2900,msd_plain,819875,13978
1,reverse,2900,msd_switch,436000,29518
1,almost,2900,quick_std,782083,430779
1,almost,2900,merge_std,2070792,37166
1,almost,2900,merge_lcp,2196416,13192
1,almost,2900,string_quick3,228125,64793
1,almost,2900,msd_plain,838000,14000
1,almost,2900,msd_switch,454750,38338
1,random,3000,quick_std,1021958,469339
1,random,3000,merge_std,2725041,44460
1,random,3000,merge_lcp,2791458,28091
1,random,3000,string_quick3,347334,53276
1,random,3000,msd_plain,900625,14588
1,random,3000,msd_switch,509416,31910
1,reverse,3000,quick_std,711209,452812
1,reverse,3000,merge_std,2281041,25739
1,reverse,3000,merge_lcp,2470625,11431
1,reverse,3000,string_quick3,212583,62432
1,reverse,3000,msd_plain,952584,14452
1,reverse,3000,msd_switch,468667,30568
1,almost,3000,quick_std,687709,450439
1,almost,3000,merge_std,2165667,38337
1,almost,3000,merge_lcp,2238250,13785
1,almost,3000,string_quick3,268375,70504
1,almost,3000,msd_plain,895292,14480
1,almost,3000,msd_switch,478125,39762
2,random,100,quick_std,30792,15900
2,random,100,merge_std,60792,609
2,random,100,merge_lcp,60125,500
2,random,100,string_quick3,6666,1004
2,random,100,msd_plain,23333,358
2,random,100,msd_switch,13166,365
2,reverse,100,quick_std,22417,14492
2,reverse,100,merge_std,55500,613
2,reverse,100,merge_lcp,55958,339
2,reverse,100,string_quick3,5666,1177
2,reverse,100,msd_plain,29958,498
2,reverse,100,msd_switch,15667,1005
2,almost,100,quick_std,27416,15377
2,almost,100,merge_std,44750,768
2,almost,100,merge_lcp,44375,380
2,almost,100,string_quick3,5750,1267
2,almost,100,msd_plain,25167,448
2,almost,100,msd_switch,14208,1230
2,random,200,quick_std,62083,30099
2,random,200,merge_std,128250,1497
2,random,200,merge_lcp,128375,1174
2,random,200,string_quick3,16792,2436
2,random,200,msd_plain,46375,772
2,random,200,msd_switch,26125,919
2,reverse,200,quick_std,44333,28625
2,reverse,200,merge_std,119291,1322
2,reverse,200,merge_lcp,118500,740
2,reverse,200,string_quick3,11792,3043
2,reverse,200,msd_plain,54750,954
2,reverse,200,msd_switch,30833,2021
2,almost,200,quick_std,54833,31019
2,almost,200,merge_std,95208,1754
2,almost,200,merge_lcp,95166,789
2,almost,200,string_quick3,11667,2680
2,almost,200,msd_plain,51458,938
2,almost,200,msd_switch,27250,2570
2,random,300,quick_std,89500,42993
2,random,300,merge_std,219667,2528
2,random,300,merge_lcp,225375,1923
2,random,300,string_quick3,27292,4316
2,random,300,msd_plain,70917,1202
2,random,300,msd_switch,40084,1628
2,reverse,300,quick_std,59875,38382
2,reverse,300,merge_std,180208,2050
2,reverse,300,merge_lcp,189000,1100
2,reverse,300,string_quick3,18500,4753
2,reverse,300,msd_plain,84000,1444
2,reverse,300,msd_switch,46041,3033
2,almost,300,quick_std,84042,48637
2,almost,300,merge_std,153708,2844
2,almost,300,merge_lcp,156042,1148
2,almost,300,string_quick3,18792,4587
2,almost,300,msd_plain,83417,1420
2,almost,300,msd_switch,46666,3786
2,random,400,quick_std,125583,60259
2,random,400,merge_std,277125,3663
2,random,400,merge_lcp,286209,2713
2,random,400,string_quick3,35500,5816
2,random,400,msd_plain,97041,1634
2,random,400,msd_switch,56083,2330
2,reverse,400,quick_std,87292,57345
2,reverse,400,merge_std,244834,2842
2,reverse,400,merge_lcp,258542,1509
2,reverse,400,string_quick3,25375,6781
2,reverse,400,msd_plain,110209,1918
2,reverse,400,msd_switch,60666,4103
2,almost,400,quick_std,110917,63422
2,almost,400,merge_std,224459,3970
2,almost,400,merge_lcp,228166,1597
2,almost,400,string_quick3,26458,5775
2,almost,400,msd_plain,109500,1878
2,almost,400,msd_switch,62625,5392
2,random,500,quick_std,152958,70345
2,random,500,merge_std,362959,4867
2,random,500,merge_lcp,416209,3500
2,random,500,string_quick3,46459,7947
2,random,500,msd_plain,122000,2064
2,random,500,msd_switch,72625,3144
2,reverse,500,quick_std,91208,59000
2,reverse,500,merge_std,313667,3739
2,reverse,500,merge_lcp,346916,1911
2,reverse,500,string_quick3,31333,8315
2,reverse,500,msd_plain,140916,2412
2,reverse,500,msd_switch,76125,5095
2,almost,500,quick_std,130833,73655
2,almost,500,merge_std,276917,4922
2,almost,500,merge_lcp,303291,1971
2,almost,500,string_quick3,34000,7290
2,almost,500,msd_plain,142167,2358
2,almost,500,msd_switch,78458,6826
2,random,600,quick_std,189958,89350
2,random,600,merge_std,461584,6130
2,random,600,merge_lcp,464500,4407
2,random,600,string_quick3,58792,10782
2,random,600,msd_plain,149583,2502
2,random,600,msd_switch,88375,3961
2,reverse,600,quick_std,121917,80455
2,reverse,600,merge_std,384166,4389
2,reverse,600,merge_lcp,431083,2284
2,reverse,600,string_quick3,37583,9990
2,reverse,600,msd_plain,168000,2894
2,reverse,600,msd_switch,92708,6075
2,almost,600,quick_std,163709,94675
2,almost,600,merge_std,343750,6209
2,almost,600,merge_lcp,359584,2368
2,almost,600,string_quick3,43291,10490
2,almost,600,msd_plain,168333,2832
2,almost,600,msd_switch,110208,8135
2,random,700,quick_std,242625,104868
2,random,700,merge_std,524208,7436
2,random,700,merge_lcp,541958,5236
2,random,700,string_quick3,66958,10382
2,random,700,msd_plain,178041,2950
2,random,700,msd_switch,107875,4940
2,reverse,700,quick_std,149625,95738
2,reverse,700,merge_std,454500,5218
2,reverse,700,merge_lcp,489625,2655
2,reverse,700,string_quick3,46375,11728
2,reverse,700,msd_plain,200667,3388
2,reverse,700,msd_switch,108500,7103
2,almost,700,quick_std,186125,105363
2,almost,700,merge_std,412750,7372
2,almost,700,merge_lcp,420417,2769
2,almost,700,string_quick3,50083,13189
2,almost,700,msd_plain,197792,3314
2,almost,700,msd_switch,109250,9312
2,random,800,quick_std,332958,119299
2,random,800,merge_std,594958,8821
2,random,800,merge_lcp,658042,6106
2,random,800,string_quick3,81875,12265
2,random,800,msd_plain,201666,3402
2,random,800,msd_switch,121667,5820
2,reverse,800,quick_std,177708,117914
2,reverse,800,merge_std,543375,6122
2,reverse,800,merge_lcp,577583,3023
2,reverse,800,string_quick3,51958,13943
2,reverse,800,msd_plain,230333,3868
2,reverse,800,msd_switch,125625,8148
2,almost,800,quick_std,211292,121914
2,almost,800,merge_std,479250,8486
2,almost,800,merge_lcp,492959,3178
2,almost,800,string_quick3,58542,15256
2,almost,800,msd_plain,220667,3780
2,almost,800,msd_switch,124000,10421
2,random,900,quick_std,294875,136506
2,random,900,merge_std,664958,10232
2,random,900,merge_lcp,707625,6993
2,random,900,string_quick3,89625,14745
2,random,900,msd_plain,226083,3866
2,random,900,msd_switch,138292,6754
2,reverse,900,quick_std,199541,115616
2,reverse,900,merge_std,615375,6988
2,reverse,900,merge_lcp,655459,3409
2,reverse,900,string_quick3,58625,15947
2,reverse,900,msd_plain,265958,4362
2,reverse,900,msd_switch,141833,9218
2,almost,900,quick_std,236333,134266
2,almost,900,merge_std,544542,9742
2,almost,900,merge_lcp,557917,3582
2,almost,900,string_quick3,63958,16378
2,almost,900,msd_plain,258041,4278
2,almost,900,msd_switch,142167,11592
2,random,1000,quick_std,322250,150550
2,random,1000,merge_std,795583,11601
2,random,1000,merge_lcp,787875,7849
2,random,1000,string_quick3,101375,16102
2,random,1000,msd_plain,255583,4312
2,random,1000,msd_switch,156333,7891
2,reverse,1000,quick_std,184292,121823
2,reverse,1000,merge_std,687042,7973
2,reverse,1000,merge_lcp,768875,3782
2,reverse,1000,string_quick3,65083,17774
2,reverse,1000,msd_plain,278666,4844
2,reverse,1000,msd_switch,151500,10203
2,almost,1000,quick_std,255584,146660
2,almost,1000,merge_std,618334,10598
2,almost,1000,merge_lcp,633833,3955
2,almost,1000,string_quick3,71583,18029
2,almost,1000,msd_plain,279708,4766
2,almost,1000,msd_switch,155708,13140
2,random,1100,quick_std,353334,165903
2,random,1100,merge_std,849792,13043
2,random,1100,merge_lcp,925208,8930
2,random,1100,string_quick3,111625,19002
2,random,1100,msd_plain,279791,4786
2,random,1100,msd_switch,170833,8741
2,reverse,1100,quick_std,205333,132903
2,reverse,1100,merge_std,735334,8772
2,reverse,1100,merge_lcp,914750,4148
2,reverse,1100,string_quick3,72083,19827
2,reverse,1100,msd_plain,321084,5326
2,reverse,1100,msd_switch,170208,11156
2,almost,1100,quick_std,287791,164767
2,almost,1100,merge_std,713000,11943
2,almost,1100,merge_lcp,793750,4419
2,almost,1100,string_quick3,78625,19047
2,almost,1100,msd_plain,309166,5284
2,almost,1100,msd_switch,168958,14558
2,random,1200,quick_std,398709,188361
2,random,1200,merge_std,1041416,14591
2,random,1200,merge_lcp,1004917,9863
2,random,1200,string_quick3,120792,21533
2,random,1200,msd_plain,311000,5292
2,random,1200,msd_switch,189875,9856
2,reverse,1200,quick_std,238375,157609
2,reverse,1200,merge_std,925292,9485
2,reverse,1200,merge_lcp,921125,4542
2,reverse,1200,string_quick3,78375,21733
2,reverse,1200,msd_plain,349875,5810
2,reverse,1200,msd_switch,194667,12194
2,almost,1200,quick_std,314250,178899
2,almost,1200,merge_std,776875,13719
2,almost,1200,merge_lcp,838166,4870
2,almost,1200,string_quick3,84792,21013
2,almost,1200,msd_plain,349333,5766
2,almost,1200,msd_switch,190541,16045
2,random,1300,quick_std,430792,203603
2,random,1300,merge_std,1036541,16103
2,random,1300,merge_lcp,1153208,10831
2,random,1300,string_quick3,132917,24492
2,random,1300,msd_plain,344875,5774
2,random,1300,msd_switch,206917,10859
2,reverse,1300,quick_std,274125,177669
2,reverse,1300,merge_std,896958,10307
2,reverse,1300,merge_lcp,1034792,4940
2,reverse,1300,string_quick3,98875,22990
2,reverse,1300,msd_plain,363209,6306
2,reverse,1300,msd_switch,195958,13202
2,almost,1300,quick_std,337000,189137
2,almost,1300,merge_std,916583,15148
2,almost,1300,merge_lcp,891417,5337
2,almost,1300,string_quick3,97583,25555
2,almost,1300,msd_plain,367083,6274
2,almost,1300,msd_switch,209291,17106
2,random,1400,quick_std,457500,215258
2,random,1400,merge_std,1165834,17593
2,random,1400,merge_lcp,1164458,11672
2,random,1400,string_quick3,145416,23376
2,random,1400,msd_plain,365500,6276
2,random,1400,msd_switch,220917,11998
2,reverse,1400,quick_std,306208,199721
2,reverse,1400,merge_std,988709,11142
2,reverse,1400,merge_lcp,1072834,5339
2,reverse,1400,string_quick3,94500,26060
2,reverse,1400,msd_plain,401334,6790
2,reverse,1400,msd_switch,215875,14265
2,almost,1400,quick_std,376833,209790
2,almost,1400,merge_std,960917,16385
2,almost,1400,merge_lcp,952708,5758
2,almost,1400,string_quick3,100084,24838
2,almost,1400,msd_plain,416750,6750
2,almost,1400,msd_switch,237208,18718
2,random,1500,quick_std,501041,237814
2,random,1500,merge_std,1195875,19173
2,random,1500,merge_lcp,1283125,12630
2,random,1500,string_quick3,162750,27023
2,random,1500,msd_plain,401167,6768
2,random,1500,msd_switch,235958,12858
2,reverse,1500,quick_std,342583,220001
2,reverse,1500,merge_std,1062417,12084
2,reverse,1500,merge_lcp,1121500,5720
2,reverse,1500,string_quick3,99291,26904
2,reverse,1500,msd_plain,424750,7274
2,reverse,1500,msd_switch,227333,15237
2,almost,1500,quick_std,398333,227617
2,almost,1500,merge_std,985125,17469
2,almost,1500,merge_lcp,1016292,6190
2,almost,1500,string_quick3,106500,25344
2,almost,1500,msd_plain,453667,7230
2,almost,1500,msd_switch,232917,19883
2,random,1600,quick_std,579500,246884
2,random,1600,merge_std,1291708,20722
2,random,1600,merge_lcp,1350500,13607
2,random,1600,string_quick3,169250,27416
2,random,1600,msd_plain,427417,7242
2,random,1600,msd_switch,269041,14227
2,reverse,1600,quick_std,356666,234861
2,reverse,1600,merge_std,1125125,13076
2,reverse,1600,merge_lcp,1211292,6108
2,reverse,1600,string_quick3,104958,29052
2,reverse,1600,msd_plain,455375,7764
2,reverse,1600,msd_switch,243500,16353
2,almost,1600,quick_std,423500,241180
2,almost,1600,merge_std,1062917,18689
2,almost,1600,merge_lcp,1200000,6606
2,almost,1600,string_quick3,126334,31436
2,almost,1600,msd_plain,447708,7680
2,almost,1600,msd_switch,248208,21426
2,random,1700,quick_std,582750,263901
2,random,1700,merge_std,1455416,22351
2,random,1700,merge_lcp,1440500,14577
2,random,1700,string_quick3,180917,29946
2,random,1700,msd_plain,449458,7710
2,random,1700,msd_switch,273291,15412
2,reverse,1700,quick_std,354750,228687
2,reverse,1700,merge_std,1333375,13829
2,reverse,1700,merge_lcp,1344583,6474
2,reverse,1700,string_quick3,113208,30783
2,reverse,1700,msd_plain,492375,8244
2,reverse,1700,msd_switch,262875,17416
2,almost,1700,quick_std,448500,256771
2,almost,1700,merge_std,1147208,20123
2,almost,1700,merge_lcp,1236750,7108
2,almost,1700,string_quick3,133084,33100
2,almost,1700,msd_plain,483500,8150
2,almost,1700,msd_switch,277000,22678
2,random,1800,quick_std,645708,282301
2,random,1800,merge_std,1592167,23947
2,random,1800,merge_lcp,1538750,15562
2,random,1800,string_quick3,194584,32407
2,random,1800,msd_plain,480875,8204
2,random,1800,msd_switch,293000,16843
2,reverse,1800,quick_std,356750,229208
2,reverse,1800,merge_std,1317750,14919
2,reverse,1800,merge_lcp,1357125,6856
2,reverse,1800,string_quick3,119375,33138
2,reverse,1800,msd_plain,510875,8718
2,reverse,1800,msd_switch,272125,18468
2,almost,1800,quick_std,476250,275678
2,almost,1800,merge_std,1197042,21629
2,almost,1800,merge_lcp,1258708,7639
2,almost,1800,string_quick3,169417,41741
2,almost,1800,msd_plain,633583,8664
2,almost,1800,msd_switch,289417,23795
2,random,1900,quick_std,631083,297746
2,random,1900,merge_std,1588917,25513
2,random,1900,merge_lcp,1612417,16510
2,random,1900,string_quick3,205458,36050
2,random,1900,msd_plain,523750,8690
2,random,1900,msd_switch,326708,18048
2,reverse,1900,quick_std,359583,231829
2,reverse,1900,merge_std,1437583,15887
2,reverse,1900,merge_lcp,1470750,7238
2,reverse,1900,string_quick3,127667,35577
2,reverse,1900,msd_plain,550833,9214
2,reverse,1900,msd_switch,305625,19484
2,almost,1900,quick_std,510750,292185
2,almost,1900,merge_std,1403500,22812
2,almost,1900,merge_lcp,1335083,8113
2,almost,1900,string_quick3,148000,40943
2,almost,1900,msd_plain,532208,9146
2,almost,1900,msd_switch,299958,25131
2,random,2000,quick_std,670334,304605
2,random,2000,merge_std,1707667,27132
2,random,2000,merge_lcp,1741625,17505
2,random,2000,string_quick3,222416,41071
2,random,2000,msd_plain,545750,9164
2,random,2000,msd_switch,325834,19352
2,reverse,2000,quick_std,365625,236448
2,reverse,2000,merge_std,1420625,17050
2,reverse,2000,merge_lcp,1524167,7608
2,reverse,2000,string_quick3,149292,37063
2,reverse,2000,msd_plain,577917,9718
2,reverse,2000,msd_switch,305209,20506
2,almost,2000,quick_std,554375,306039
2,almost,2000,merge_std,1484875,23840
2,almost,2000,merge_lcp,1439625,8662
2,almost,2000,string_quick3,184000,45714
2,almost,2000,msd_plain,599791,9644
2,almost,2000,msd_switch,312167,26806
2,random,2100,quick_std,717125,331939
2,random,2100,merge_std,1758458,28820
2,random,2100,merge_lcp,2019750,18817
2,random,2100,string_quick3,228125,36363
2,random,2100,msd_plain,573584,9680
2,random,2100,msd_switch,366250,20217
2,reverse,2100,quick_std,397291,249679
2,reverse,2100,merge_std,1547042,17941
2,reverse,2100,merge_lcp,1711958,7976
2,reverse,2100,string_quick3,149041,40949
2,reverse,2100,msd_plain,604542,10202
2,reverse,2100,msd_switch,316209,21506
2,almost,2100,quick_std,598958,309399
2,almost,2100,merge_std,1486792,25547
2,almost,2100,merge_lcp,1626250,9170
2,almost,2100,string_quick3,178083,51449
2,almost,2100,msd_plain,605292,10130
2,almost,2100,msd_switch,328042,27891
2,random,2200,quick_std,741250,347136
2,random,2200,merge_std,1887041,30488
2,random,2200,merge_lcp,2091750,20107
2,random,2200,string_quick3,265333,37910
2,random,2200,msd_plain,671000,10194
2,random,2200,msd_switch,367667,21556
2,reverse,2200,quick_std,414709,267505
2,reverse,2200,merge_std,1708083,18630
2,reverse,2200,merge_lcp,1770333,8345
2,reverse,2200,string_quick3,147542,41502
2,reverse,2200,msd_plain,630083,10690
2,reverse,2200,msd_switch,330958,22555
2,almost,2200,quick_std,575250,326170
2,almost,2200,merge_std,1499583,26836
2,almost,2200,merge_lcp,1704334,9587
2,almost,2200,string_quick3,190250,55631
2,almost,2200,msd_plain,615125,10626
2,almost,2200,msd_switch,341750,29239
2,random,2300,quick_std,811333,367782
2,random,2300,merge_std,1956125,32280
2,random,2300,merge_lcp,2083833,21148
2,random,2300,string_quick3,321959,40844
2,random,2300,msd_plain,684750,10728
2,random,2300,msd_switch,396000,22739
2,reverse,2300,quick_std,448583,292198
2,reverse,2300,merge_std,1730291,19312
2,reverse,2300,merge_lcp,1850084,8727
2,reverse,2300,string_quick3,156667,44734
2,reverse,2300,msd_plain,661792,11166
2,reverse,2300,msd_switch,347584,23602
2,almost,2300,quick_std,601792,341241
2,almost,2300,merge_std,1707000,28055
2,almost,2300,merge_lcp,1761417,10021
2,almost,2300,string_quick3,179708,47250
2,almost,2300,msd_plain,661375,11116
2,almost,2300,msd_switch,357333,30588
2,random,2400,quick_std,806959,371261
2,random,2400,merge_std,2138209,34016
2,random,2400,merge_lcp,2141084,22152
2,random,2400,string_quick3,264375,42307
2,random,2400,msd_plain,674917,11294
2,random,2400,msd_switch,402666,24053
2,reverse,2400,quick_std,481458,314276
2,reverse,2400,merge_std,1830542,20147
2,reverse,2400,merge_lcp,2055375,9127
2,reverse,2400,string_quick3,174334,45926
2,reverse,2400,msd_plain,712084,11644
2,reverse,2400,msd_switch,367166,24665
2,almost,2400,quick_std,667458,359901
2,almost,2400,merge_std,1697791,30046
2,almost,2400,merge_lcp,1762042,10483
2,almost,2400,string_quick3,179708,46911
2,almost,2400,msd_plain,686583,11594
2,almost,2400,msd_switch,381708,31970
2,random,2500,quick_std,841959,389648
2,random,2500,merge_std,2225125,35734
2,random,2500,merge_lcp,2261708,23099
2,random,2500,string_quick3,282084,53031
2,random,2500,msd_plain,704125,11806
2,random,2500,msd_switch,411334,26033
2,reverse,2500,quick_std,703416,341556
2,reverse,2500,merge_std,1978875,20787
2,reverse,2500,merge_lcp,1990916,9490
2,reverse,2500,string_quick3,169292,48086
2,reverse,2500,msd_plain,700583,12104
2,reverse,2500,msd_switch,385625,25652
2,almost,2500,quick_std,664167,375579
2,almost,2500,merge_std,1828792,31366
2,almost,2500,merge_lcp,1864667,10946
2,almost,2500,string_quick3,215458,59926
2,almost,2500,msd_plain,736125,12078
2,almost,2500,msd_switch,388417,33329
2,random,2600,quick_std,912084,401046
2,random,2600,merge_std,2243041,37422
2,random,2600,merge_lcp,2330458,24071
2,random,2600,string_quick3,323292,52229
2,random,2600,msd_plain,733375,12358
2,random,2600,msd_switch,447625,26956
2,reverse,2600,quick_std,563542,356543
2,reverse,2600,merge_std,1988792,21808
2,reverse,2600,merge_lcp,2085666,9877
2,reverse,2600,string_quick3,177291,50301
2,reverse,2600,msd_plain,746458,12562
2,reverse,2600,msd_switch,423292,26681
2,almost,2600,quick_std,713500,395817
2,almost,2600,merge_std,1871125,32688
2,almost,2600,merge_lcp,1915958,11410
2,almost,2600,string_quick3,209542,55503
2,almost,2600,msd_plain,742458,12556
2,almost,2600,msd_switch,436584,34459
2,random,2700,quick_std,953458,429541
2,random,2700,merge_std,2377750,39218
2,random,2700,merge_lcp,2402875,25059
2,random,2700,string_quick3,403208,52991
2,random,2700,msd_plain,837833,12876
2,random,2700,msd_switch,457917,27932
2,reverse,2700,quick_std,585500,380659
2,reverse,2700,merge_std,2097958,22812
2,reverse,2700,merge_lcp,2273834,10244
2,reverse,2700,string_quick3,188459,54588
2,reverse,2700,msd_plain,820708,13028
2,reverse,2700,msd_switch,413083,27740
2,almost,2700,quick_std,725667,417442
2,almost,2700,merge_std,1996125,34360
2,almost,2700,merge_lcp,2052917,11820
2,almost,2700,string_quick3,224958,63029
2,almost,2700,msd_plain,778500,13054
2,almost,2700,msd_switch,423375,36070
2,random,2800,quick_std,946000,443822
2,random,2800,merge_std,2478833,40958
2,random,2800,merge_lcp,2509750,26001
2,random,2800,string_quick3,322417,53967
2,random,2800,msd_plain,772584,13378
2,random,2800,msd_switch,459209,28932
2,reverse,2800,quick_std,621250,406010
2,reverse,2800,merge_std,2124292,23645
2,reverse,2800,merge_lcp,2373084,10642
2,reverse,2800,string_quick3,198791,55799
2,reverse,2800,msd_plain,804250,13524
2,reverse,2800,msd_switch,426542,28783
2,almost,2800,quick_std,769417,435537
2,almost,2800,merge_std,2091042,35545
2,almost,2800,merge_lcp,2067584,12405
2,almost,2800,string_quick3,232833,63502
2,almost,2800,msd_plain,844625,13546
2,almost,2800,msd_switch,431250,37451
2,random,2900,quick_std,1026834,451372
2,random,2900,merge_std,2624666,42757
2,random,2900,merge_lcp,2635958,27003
2,random,2900,string_quick3,330291,59501
2,random,2900,msd_plain,835125,13916
2,random,2900,msd_switch,485208,30815
2,reverse,2900,quick_std,797917,424773
2,reverse,2900,merge_std,2423792,24554
2,reverse,2900,merge_lcp,2288625,11027
2,reverse,2900,string_quick3,201417,59049
2,reverse,2900,msd_plain,835917,14002
2,reverse,2900,msd_switch,433833,29779
2,almost,2900,quick_std,750541,430433
2,almost,2900,merge_std,2155625,36806
2,almost,2900,merge_lcp,2171834,12941
2,almost,2900,string_quick3,235416,59958
2,almost,2900,msd_plain,863292,14032
2,almost,2900,msd_switch,447875,38776
2,random,3000,quick_std,1024416,471840
2,random,3000,merge_std,2625334,44433
2,random,3000,merge_lcp,2719333,27972
2,random,3000,string_quick3,381666,55787
2,random,3000,msd_plain,861084,14460
2,random,3000,msd_switch,508666,32564
2,reverse,3000,quick_std,679625,449175
2,reverse,3000,merge_std,2385000,25593
2,reverse,3000,merge_lcp,2523208,11429
2,reverse,3000,string_quick3,212958,61575
2,reverse,3000,msd_plain,850250,14470
2,reverse,3000,msd_switch,452417,30878
2,almost,3000,quick_std,703792,456288
2,almost,3000,merge_std,2242000,38095
2,almost,3000,merge_lcp,2171708,13462
2,almost,3000,string_quick3,246041,69483
2,almost,3000,msd_plain,902416,14506
2,almost,3000,msd_switch,473458,40221
3,random,100,quick_std,31291,15703
3,random,100,merge_std,59417,605
3,random,100,merge_lcp,59917,527
3,random,100,string_quick3,7791,1115
3,random,100,msd_plain,22833,350
3,random,100,msd_switch,13292,383
3,reverse,100,quick_std,22083,13850
3,reverse,100,merge_std,55834,619
3,reverse,100,merge_lcp,56292,338
3,reverse,100,string_quick3,6417,1499
3,reverse,100,msd_plain,28958,488
3,reverse,100,msd_switch,16625,1032
3,almost,100,quick_std,23584,12482
3,almost,100,merge_std,39958,757
3,almost,100,merge_lcp,39791,378
3,almost,100,string_quick3,6541,1307
3,almost,100,msd_plain,28459,496
3,almost,100,msd_switch,14417,1320
3,random,200,quick_std,60667,28222
3,random,200,merge_std,124750,1488
3,random,200,merge_lcp,131583,1186
3,random,200,string_quick3,17125,2388
3,random,200,msd_plain,50042,780
3,random,200,msd_switch,27709,907
3,reverse,200,quick_std,45375,29615
3,reverse,200,merge_std,116959,1355
3,reverse,200,merge_lcp,120500,715
3,reverse,200,string_quick3,12500,2930
3,reverse,200,msd_plain,58333,978
3,reverse,200,msd_switch,31958,2099
3,almost,200,quick_std,51542,27043
3,almost,200,merge_std,93833,1737
3,almost,200,merge_lcp,95500,745
3,almost,200,string_quick3,11584,2534
3,almost,200,msd_plain,57959,970
3,almost,200,msd_switch,30500,2643
3,random,300,quick_std,92042,44333
3,random,300,merge_std,197000,2511
3,random,300,merge_lcp,213250,1949
3,random,300,string_quick3,26583,4077
3,random,300,msd_plain,73791,1218
3,random,300,msd_switch,41000,1605
3,reverse,300,quick_std,60958,39505
3,reverse,300,merge_std,182875,2041
3,reverse,300,merge_lcp,193875,1107
3,reverse,300,string_quick3,17375,4583
3,reverse,300,msd_plain,84500,1456
3,reverse,300,msd_switch,46708,3105
3,almost,300,quick_std,78208,43452
3,almost,300,merge_std,154125,2896
3,almost,300,merge_lcp,154584,1137
3,almost,300,string_quick3,17708,3706
3,almost,300,msd_plain,83208,1428
3,almost,300,msd_switch,45541,4162
3,random,400,quick_std,123416,59869
3,random,400,merge_std,273542,3644
3,random,400,merge_lcp,293500,2720
3,random,400,string_quick3,39583,5679
3,random,400,msd_plain,101750,1662
3,random,400,msd_switch,55625,2321
3,reverse,400,quick_std,90167,59472
3,reverse,400,merge_std,275625,2855
3,reverse,400,merge_lcp,293833,1488
3,reverse,400,string_quick3,24750,6602
3,reverse,400,msd_plain,129041,1946
3,reverse,400,msd_switch,62000,4157
3,almost,400,quick_std,107208,59007
3,almost,400,merge_std,220250,3899
3,almost,400,merge_lcp,221917,1510
3,almost,400,string_quick3,26041,5178
3,almost,400,msd_plain,111917,1898
3,almost,400,msd_switch,62458,5313
3,random,500,quick_std,179000,75508
3,random,500,merge_std,431000,4833
3,random,500,merge_lcp,369291,3512
3,random,500,string_quick3,46416,7325
3,random,500,msd_plain,126667,2106
3,random,500,msd_switch,72292,3171
3,reverse,500,quick_std,90084,58216
3,reverse,500,merge_std,320833,3752
3,reverse,500,merge_lcp,340416,1872
3,reverse,500,string_quick3,30583,8433
3,reverse,500,msd_plain,145583,2436
3,reverse,500,msd_switch,80083,5222
3,almost,500,quick_std,126667,69240
3,almost,500,merge_std,287667,4944
3,almost,500,merge_lcp,301333,1934
3,almost,500,string_quick3,34250,7762
3,almost,500,msd_plain,139792,2378
3,almost,500,msd_switch,78291,6835
3,random,600,quick_std,184625,85083
3,random,600,merge_std,430792,6093
3,random,600,merge_lcp,461333,4396
3,random,600,string_quick3,57791,9034
3,random,600,msd_plain,154834,2540
3,random,600,msd_switch,90041,4023
3,reverse,600,quick_std,136125,78695
3,reverse,600,merge_std,391833,4449
3,reverse,600,merge_lcp,423292,2236
3,reverse,600,string_quick3,35875,10055
3,reverse,600,msd_plain,175375,2924
3,reverse,600,msd_switch,94875,6269
3,almost,600,quick_std,151917,85763
3,almost,600,merge_std,356209,6373
3,almost,600,merge_lcp,367000,2363
3,almost,600,string_quick3,40459,9175
3,almost,600,msd_plain,171333,2866
3,almost,600,msd_switch,95792,8468
3,random,700,quick_std,310750,104336
3,random,700,merge_std,514334,7404
3,random,700,merge_lcp,536750,5225
3,random,700,string_quick3,70125,10093
3,random,700,msd_plain,177416,2982
3,random,700,msd_switch,105125,4852
3,reverse,700,quick_std,156791,102958
3,reverse,700,merge_std,548291,5311
3,reverse,700,merge_lcp,490167,2613
3,reverse,700,string_quick3,42917,12281
3,reverse,700,msd_plain,228041,3412
3,reverse,700,msd_switch,108417,7325
3,almost,700,quick_std,186250,103685
3,almost,700,merge_std,421750,7502
3,almost,700,merge_lcp,427750,2787
3,almost,700,string_quick3,70208,13533
3,almost,700,msd_plain,199375,3380
3,almost,700,msd_switch,110000,9690
3,random,800,quick_std,275250,123135
3,random,800,merge_std,615792,8800
3,random,800,merge_lcp,625250,6122
3,random,800,string_quick3,78500,11560
3,random,800,msd_plain,202750,3432
3,random,800,msd_switch,121667,5761
3,reverse,800,quick_std,180459,116550
3,reverse,800,merge_std,537792,6127
3,reverse,800,merge_lcp,567833,3001
3,reverse,800,string_quick3,51125,14219
3,reverse,800,msd_plain,233333,3912
3,reverse,800,msd_switch,125166,8406
3,almost,800,quick_std,221666,117071
3,almost,800,merge_std,492541,8633
3,almost,800,merge_lcp,523834,3232
3,almost,800,string_quick3,61375,16504
3,almost,800,msd_plain,228916,3852
3,almost,800,msd_switch,127916,11168
3,random,900,quick_std,287917,133456
3,random,900,merge_std,682250,10179
3,random,900,merge_lcp,706209,7022
3,random,900,string_quick3,89708,14099
3,random,900,msd_plain,227417,3854
3,random,900,msd_switch,137959,6800
3,reverse,900,quick_std,181000,117884
3,reverse,900,merge_std,609708,7055
3,reverse,900,merge_lcp,644000,3382
3,reverse,900,string_quick3,57250,16191
3,reverse,900,msd_plain,260875,4412
3,reverse,900,msd_switch,140666,9490
3,almost,900,quick_std,234375,130556
3,almost,900,merge_std,563750,9904
3,almost,900,merge_lcp,588292,3669
3,almost,900,string_quick3,66167,17281
3,almost,900,msd_plain,256875,4352
3,almost,900,msd_switch,140417,12624
3,random,1000,quick_std,346167,152853
3,random,1000,merge_std,844084,11522
3,random,1000,merge_lcp,795042,7878
3,random,1000,string_quick3,100417,17288
3,random,1000,msd_plain,249125,4304
3,random,1000,msd_switch,153125,7753
3,reverse,1000,quick_std,185333,122744
3,reverse,1000,merge_std,689584,8060
3,reverse,1000,merge_lcp,724875,3749
3,reverse,1000,string_quick3,63833,18084
3,reverse,1000,msd_plain,293333,4918
3,reverse,1000,msd_switch,156000,10507
3,almost,1000,quick_std,268334,148318
3,almost,1000,merge_std,650083,10852
3,almost,1000,merge_lcp,731958,4083
3,almost,1000,string_quick3,70166,16816
3,almost,1000,msd_plain,286708,4814
3,almost,1000,msd_switch,158166,13819
3,random,1100,quick_std,355125,167429
3,random,1100,merge_std,870375,13015
3,random,1100,merge_lcp,914125,8937
3,random,1100,string_quick3,112000,18273
3,random,1100,msd_plain,273041,4768
3,random,1100,msd_switch,168417,8869
3,reverse,1100,quick_std,211709,137762
3,reverse,1100,merge_std,776000,8760
3,reverse,1100,merge_lcp,822292,4151
3,reverse,1100,string_quick3,69667,19924
3,reverse,1100,msd_plain,316000,5386
3,reverse,1100,msd_switch,171250,11530
3,almost,1100,quick_std,300625,154195
3,almost,1100,merge_std,767916,12463
3,almost,1100,merge_lcp,754125,4567
3,almost,1100,string_quick3,78792,18849
3,almost,1100,msd_plain,314667,5288
3,almost,1100,msd_switch,179292,15266
3,random,1200,quick_std,389750,182210
3,random,1200,merge_std,970334,14497
3,random,1200,merge_lcp,986208,9941
3,random,1200,string_quick3,122375,21483
3,random,1200,msd_plain,308750,5254
3,random,1200,msd_switch,186750,9858
3,reverse,1200,quick_std,245875,161919
3,reverse,1200,merge_std,824458,9562
3,reverse,1200,merge_lcp,888958,4527
3,reverse,1200,string_quick3,77583,22018
3,reverse,1200,msd_plain,349083,5880
3,reverse,1200,msd_switch,189542,12494
3,almost,1200,quick_std,311417,174538
3,almost,1200,merge_std,783791,13942
3,almost,1200,merge_lcp,879417,4936
3,almost,1200,string_quick3,85958,21972
3,almost,1200,msd_plain,341250,5790
3,almost,1200,msd_switch,190750,16489
3,random,1300,quick_std,422958,197065
3,random,1300,merge_std,1076041,15998
3,random,1300,merge_lcp,1095416,10889
3,random,1300,string_quick3,136167,22551
3,random,1300,msd_plain,344125,5732
3,random,1300,msd_switch,205583,10954
3,reverse,1300,quick_std,278750,181531
3,reverse,1300,merge_std,953875,10335
3,reverse,1300,merge_lcp,977875,4905
3,reverse,1300,string_quick3,83750,24092
3,reverse,1300,msd_plain,380667,6354
3,reverse,1300,msd_switch,203292,13602
3,almost,1300,quick_std,329958,186612
3,almost,1300,merge_std,856917,15077
3,almost,1300,merge_lcp,882916,5343
3,almost,1300,string_quick3,92167,22548
3,almost,1300,msd_plain,371542,6264
3,almost,1300,msd_switch,205791,18221
3,random,1400,quick_std,522375,213928
3,random,1400,merge_std,1236750,17560
3,random,1400,merge_lcp,1181959,11763
3,random,1400,string_quick3,145333,23332
3,random,1400,msd_plain,363292,6208
3,random,1400,msd_switch,222916,12041
3,reverse,1400,quick_std,311292,202826
3,reverse,1400,merge_std,978417,11186
3,reverse,1400,merge_lcp,1053333,5277
3,reverse,1400,string_quick3,90084,26105
3,reverse,1400,msd_plain,399167,6856
3,reverse,1400,msd_switch,236208,14680
3,almost,1400,quick_std,362542,204005
3,almost,1400,merge_std,941584,16351
3,almost,1400,merge_lcp,948291,5820
3,almost,1400,string_quick3,100042,24787
3,almost,1400,msd_plain,399041,6746
3,almost,1400,msd_switch,220708,19454
3,random,1500,quick_std,492167,234759
3,random,1500,merge_std,1226042,19113
3,random,1500,merge_lcp,1248791,12725
3,random,1500,string_quick3,158125,27685
3,random,1500,msd_plain,389541,6706
3,random,1500,msd_switch,238750,13300
3,reverse,1500,quick_std,372208,228149
3,reverse,1500,merge_std,1063875,12172
3,reverse,1500,merge_lcp,1127250,5670
3,reverse,1500,string_quick3,97042,28403
3,reverse,1500,msd_plain,460958,7344
3,reverse,1500,msd_switch,235208,15720
3,almost,1500,quick_std,391708,220153
3,almost,1500,merge_std,1045083,17872
3,almost,1500,merge_lcp,1019958,6297
3,almost,1500,string_quick3,112000,27840
3,almost,1500,msd_plain,426000,7218
3,almost,1500,msd_switch,235875,20637
3,random,1600,quick_std,524750,245964
3,random,1600,merge_std,1388292,20765
3,random,1600,merge_lcp,1344292,13724
3,random,1600,string_quick3,167667,27165
3,random,1600,msd_plain,415416,7230
3,random,1600,msd_switch,254375,14367
3,reverse,1600,quick_std,360167,239097
3,reverse,1600,merge_std,1125125,13017
3,reverse,1600,merge_lcp,1228834,6068
3,reverse,1600,string_quick3,103792,30108
3,reverse,1600,msd_plain,461000,7824
3,reverse,1600,msd_switch,250791,16796
3,almost,1600,quick_std,440958,242138
3,almost,1600,merge_std,1188292,19084
3,almost,1600,merge_lcp,1083916,6728
3,almost,1600,string_quick3,125708,32856
3,almost,1600,msd_plain,455375,7718
3,almost,1600,msd_switch,267708,22486
3,random,1700,quick_std,562041,264948
3,random,1700,merge_std,1442417,22360
3,random,1700,merge_lcp,1495166,14713
3,random,1700,string_quick3,184709,30004
3,random,1700,msd_plain,453791,7748
3,random,1700,msd_switch,272167,15696
3,reverse,1700,quick_std,361208,234352
3,reverse,1700,merge_std,1196500,13932
3,reverse,1700,merge_lcp,1306042,6418
3,reverse,1700,string_quick3,110750,31931
3,reverse,1700,msd_plain,498333,8316
3,reverse,1700,msd_switch,259917,17816
3,almost,1700,quick_std,455666,254901
3,almost,1700,merge_std,1159375,20435
3,almost,1700,merge_lcp,1207000,7225
3,almost,1700,string_quick3,129959,32291
3,almost,1700,msd_plain,498458,8220
3,almost,1700,msd_switch,269666,23784
3,random,1800,quick_std,597583,279133
3,random,1800,merge_std,1481459,23961
3,random,1800,merge_lcp,1566000,15678
3,random,1800,string_quick3,194291,32666
3,random,1800,msd_plain,482708,8250
3,random,1800,msd_switch,290500,16693
3,reverse,1800,quick_std,361541,236787
3,reverse,1800,merge_std,1287250,14995
3,reverse,1800,merge_lcp,1390375,6800
3,reverse,1800,string_quick3,117042,34295
3,reverse,1800,msd_plain,558250,8800
3,reverse,1800,msd_switch,276833,18903
3,almost,1800,quick_std,475084,269763
3,almost,1800,merge_std,1239375,21758
3,almost,1800,merge_lcp,1281333,7687
3,almost,1800,string_quick3,142000,38496
3,almost,1800,msd_plain,526958,8682
3,almost,1800,msd_switch,283666,25233
3,random,1900,quick_std,624333,291863
3,random,1900,merge_std,1653375,25597
3,random,1900,merge_lcp,1618000,16611
3,random,1900,string_quick3,206667,35724
3,random,1900,msd_plain,513459,8746
3,random,1900,msd_switch,312916,17971
3,reverse,1900,quick_std,364917,237908
3,reverse,1900,merge_std,1359334,15859
3,reverse,1900,merge_lcp,1504333,7174
3,reverse,1900,string_quick3,125166,36701
3,reverse,1900,msd_plain,558166,9298
3,reverse,1900,msd_switch,291750,19952
3,almost,1900,quick_std,495000,281815
3,almost,1900,merge_std,1330667,22752
3,almost,1900,merge_lcp,1356458,8204
3,almost,1900,string_quick3,160375,43972
3,almost,1900,msd_plain,576458,9202
3,almost,1900,msd_switch,314584,26528
3,random,2000,quick_std,661000,308624
3,random,2000,merge_std,1680250,27140
3,random,2000,merge_lcp,1713292,17591
3,random,2000,string_quick3,247208,40779
3,random,2000,msd_plain,552625,9240
3,random,2000,msd_switch,356292,19258
3,reverse,2000,quick_std,377792,247920
3,reverse,2000,merge_std,1438291,17095
3,reverse,2000,merge_lcp,1524958,7534
3,reverse,2000,string_quick3,135125,38641
3,reverse,2000,msd_plain,585583,9804
3,reverse,2000,msd_switch,314208,20940
3,almost,2000,quick_std,527792,294868
3,almost,2000,merge_std,1461709,24271
3,almost,2000,merge_lcp,1416917,8668
3,almost,2000,string_quick3,164416,47000
3,almost,2000,msd_plain,582541,9684
3,almost,2000,msd_switch,318167,27804
3,random,2100,quick_std,705167,328545
3,random,2100,merge_std,1812333,28842
3,random,2100,merge_lcp,1877083,18928
3,random,2100,string_quick3,229791,38556
3,random,2100,msd_plain,571042,9738
3,random,2100,msd_switch,348625,20293
3,reverse,2100,quick_std,389208,255146
3,reverse,2100,merge_std,1521417,18003
3,reverse,2100,merge_lcp,1755000,7912
3,reverse,2100,string_quick3,140958,41515
3,reverse,2100,msd_plain,619375,10310
3,reverse,2100,msd_switch,328541,22111
3,almost,2100,quick_std,554292,315494
3,almost,2100,merge_std,1477583,25671
3,almost,2100,merge_lcp,1567625,9156
3,almost,2100,string_quick3,190375,49929
3,almost,2100,msd_plain,627709,10206
3,almost,2100,msd_switch,363000,29291
3,random,2200,quick_std,757917,338119
3,random,2200,merge_std,1881333,30532
3,random,2200,merge_lcp,1957667,20142
3,random,2200,string_quick3,245167,40041
3,random,2200,msd_plain,613000,10250
3,random,2200,msd_switch,368166,21822
3,reverse,2200,quick_std,427125,278370
3,reverse,2200,merge_std,1659666,18655
3,reverse,2200,merge_lcp,1819375,8281
3,reverse,2200,string_quick3,179958,44926
3,reverse,2200,msd_plain,702459,10804
3,reverse,2200,msd_switch,358167,23129
3,almost,2200,quick_std,585916,330060
3,almost,2200,merge_std,1647125,27225
3,almost,2200,merge_lcp,1687083,9585
3,almost,2200,string_quick3,186584,53893
3,almost,2200,msd_plain,627208,10696
3,almost,2200,msd_switch,360667,30580
3,random,2300,quick_std,795958,355976
3,random,2300,merge_std,1953042,32212
3,random,2300,merge_lcp,2088208,21260
3,random,2300,string_quick3,282083,48030
3,random,2300,msd_plain,753416,10782
3,random,2300,msd_switch,376250,22970
3,reverse,2300,quick_std,460875,303712
3,reverse,2300,merge_std,1748917,19508
3,reverse,2300,merge_lcp,1843459,8644
3,reverse,2300,string_quick3,154958,45134
3,reverse,2300,msd_plain,678875,11250
3,reverse,2300,msd_switch,348916,24134
3,almost,2300,quick_std,613792,348426
3,almost,2300,merge_std,1652875,28754
3,almost,2300,merge_lcp,1740500,10137
3,almost,2300,string_quick3,193250,54660
3,almost,2300,msd_plain,683625,11178
3,almost,2300,msd_switch,361875,31919
3,random,2400,quick_std,808375,372673
3,random,2400,merge_std,2049917,33924
3,random,2400,merge_lcp,2134250,22223
3,random,2400,string_quick3,267166,48980
3,random,2400,msd_plain,661709,11298
3,random,2400,msd_switch,393250,24704
3,reverse,2400,quick_std,539291,328494
3,reverse,2400,merge_std,1750417,20238
3,reverse,2400,merge_lcp,1903542,9021
3,reverse,2400,string_quick3,161375,47256
3,reverse,2400,msd_plain,691917,11720
3,reverse,2400,msd_switch,369917,25178
3,almost,2400,quick_std,647083,368011
3,almost,2400,merge_std,1708750,30378
3,almost,2400,merge_lcp,1788042,10542
3,almost,2400,string_quick3,206458,58853
3,almost,2400,msd_plain,705833,11664
3,almost,2400,msd_switch,377833,32948
3,random,2500,quick_std,833042,386636
3,random,2500,merge_std,2127541,35676
3,random,2500,merge_lcp,2222875,23167
3,random,2500,string_quick3,282041,46183
3,random,2500,msd_plain,699583,11838
3,random,2500,msd_switch,415083,25971
3,reverse,2500,quick_std,529041,348527
3,reverse,2500,merge_std,1881292,21047
3,reverse,2500,merge_lcp,1997417,9412
3,reverse,2500,string_quick3,170417,50444
3,reverse,2500,msd_plain,726000,12210
3,reverse,2500,msd_switch,382500,26166
3,almost,2500,quick_std,685041,384273
3,almost,2500,merge_std,1801750,31805
3,almost,2500,merge_lcp,1961500,10992
3,almost,2500,string_quick3,215042,62662
3,almost,2500,msd_plain,742083,12162
3,almost,2500,msd_switch,399792,34284
3,random,2600,quick_std,868834,400750
3,random,2600,merge_std,2238791,37381
3,random,2600,merge_lcp,2325458,24200
3,random,2600,string_quick3,296459,47517
3,random,2600,msd_plain,732458,12368
3,random,2600,msd_switch,430875,26452
3,reverse,2600,quick_std,561750,365290
3,reverse,2600,merge_std,1922083,21957
3,reverse,2600,merge_lcp,2082291,9818
3,reverse,2600,string_quick3,177833,52691
3,reverse,2600,msd_plain,752084,12690
3,reverse,2600,msd_switch,396542,27256
3,almost,2600,quick_std,703542,396081
3,almost,2600,merge_std,1869583,33068
3,almost,2600,merge_lcp,1947375,11388
3,almost,2600,string_quick3,216292,57295
3,almost,2600,msd_plain,766458,12652
3,almost,2600,msd_switch,410583,35801
3,random,2700,quick_std,911625,421336
3,random,2700,merge_std,2308167,39154
3,random,2700,merge_lcp,2403833,25189
3,random,2700,string_quick3,316250,51008
3,random,2700,msd_plain,760834,12888
3,random,2700,msd_switch,451917,27362
3,reverse,2700,quick_std,592792,389519
3,reverse,2700,merge_std,2084833,23010
3,reverse,2700,merge_lcp,2142292,10174
3,reverse,2700,string_quick3,186416,55070
3,reverse,2700,msd_plain,781542,13180
3,reverse,2700,msd_switch,412291,28302
3,almost,2700,quick_std,728500,412324
3,almost,2700,merge_std,1998375,34714
3,almost,2700,merge_lcp,2029750,11877
3,almost,2700,string_quick3,208458,54638
3,almost,2700,msd_plain,789458,13112
3,almost,2700,msd_switch,429750,36697
3,random,2800,quick_std,988084,441146
3,random,2800,merge_std,2417917,40984
3,random,2800,merge_lcp,2463500,26141
3,random,2800,string_quick3,316542,54337
3,random,2800,msd_plain,847666,13458
3,random,2800,msd_switch,492791,29299
3,reverse,2800,quick_std,626666,415850
3,reverse,2800,merge_std,2163500,23854
3,reverse,2800,merge_lcp,2274167,10543
3,reverse,2800,string_quick3,216834,57221
3,reverse,2800,msd_plain,803959,13652
3,reverse,2800,msd_switch,426625,29295
3,almost,2800,quick_std,768167,437595
3,almost,2800,merge_std,2029458,35594
3,almost,2800,merge_lcp,2135250,12370
3,almost,2800,string_quick3,227208,65337
3,almost,2800,msd_plain,810167,13606
3,almost,2800,msd_switch,438250,38111
3,random,2900,quick_std,982292,455553
3,random,2900,merge_std,2555833,42713
3,random,2900,merge_lcp,2563791,27147
3,random,2900,string_quick3,330250,51942
3,random,2900,msd_plain,822458,14012
3,random,2900,msd_switch,481166,30708
3,reverse,2900,quick_std,700750,440541
3,reverse,2900,merge_std,2197333,24629
3,reverse,2900,merge_lcp,2291875,10912
3,reverse,2900,string_quick3,202083,61059
3,reverse,2900,msd_plain,854333,14146
3,reverse,2900,msd_switch,469542,30266
3,almost,2900,quick_std,802208,456612
3,almost,2900,merge_std,2119958,37522
3,almost,2900,merge_lcp,2154833,12854
3,almost,2900,string_quick3,231166,63342
3,almost,2900,msd_plain,844916,14094
3,almost,2900,msd_switch,456875,39278
3,random,3000,quick_std,1024292,474592
3,random,3000,merge_std,2585875,44508
3,random,3000,merge_lcp,2675416,28132
3,random,3000,string_quick3,336834,60534
3,random,3000,msd_plain,864125,14562
3,random,3000,msd_switch,497417,31818
3,reverse,3000,quick_std,690334,458427
3,reverse,3000,merge_std,2278458,25834
3,reverse,3000,merge_lcp,2462000,11282
3,reverse,3000,string_quick3,211666,65434
3,reverse,3000,msd_plain,895792,14618
3,reverse,3000,msd_switch,466000,31236
3,almost,3000,quick_std,631208,405595
3,almost,3000,merge_std,2181250,38360
3,almost,3000,merge_lcp,2225334,13432
3,almost,3000,string_quick3,246750,68964
3,almost,3000,msd_plain,904875,14596
3,almost,3000,msd_switch,514542,40666
4,random,100,quick_std,29708,14651
4,random,100,merge_std,61917,613
4,random,100,merge_lcp,59125,528
4,random,100,string_quick3,7917,1064
4,random,100,msd_plain,22792,354
4,random,100,msd_switch,12708,378
4,reverse,100,quick_std,23083,15492
4,reverse,100,merge_std,53708,601
4,reverse,100,merge_lcp,55667,349
4,reverse,100,string_quick3,5833,1197
4,reverse,100,msd_plain,28791,462
4,reverse,100,msd_switch,16209,987
4,almost,100,quick_std,68000,15169
4,almost,100,merge_std,42125,791
4,almost,100,merge_lcp,42834,383
4,almost,100,string_quick3,6458,1417
4,almost,100,msd_plain,28875,476
4,almost,100,msd_switch,15000,1476
4,random,200,quick_std,61667,30612
4,random,200,merge_std,122834,1498
4,random,200,merge_lcp,126958,1169
4,random,200,string_quick3,17083,2278
4,random,200,msd_plain,48000,798
4,random,200,msd_switch,25625,919
4,reverse,200,quick_std,44959,28993
4,reverse,200,merge_std,114792,1325
4,reverse,200,merge_lcp,117958,716
4,reverse,200,string_quick3,12875,3085
4,reverse,200,msd_plain,56708,958
4,reverse,200,msd_switch,30583,2098
4,almost,200,quick_std,54250,29462
4,almost,200,merge_std,101291,1848
4,almost,200,merge_lcp,100083,821
4,almost,200,string_quick3,12041,2582
4,almost,200,msd_plain,56917,952
4,almost,200,msd_switch,30583,2819
4,random,300,quick_std,93792,45119
4,random,300,merge_std,195958,2513
4,random,300,merge_lcp,205458,1919
4,random,300,string_quick3,27250,4070
4,random,300,msd_plain,73166,1222
4,random,300,msd_switch,40083,1588
4,reverse,300,quick_std,62500,41463
4,reverse,300,merge_std,181583,2099
4,reverse,300,merge_lcp,192500,1100
4,reverse,300,string_quick3,18375,4443
4,reverse,300,msd_plain,86542,1466
4,reverse,300,msd_switch,47292,3125
4,almost,300,quick_std,79834,43968
4,almost,300,merge_std,159250,2983
4,almost,300,merge_lcp,158083,1191
4,almost,300,string_quick3,18500,3852
4,almost,300,msd_plain,105542,1430
4,almost,300,msd_switch,47500,4148
4,random,400,quick_std,142000,61702
4,random,400,merge_std,285250,3681
4,random,400,merge_lcp,284292,2689
4,random,400,string_quick3,36875,5316
4,random,400,msd_plain,96583,1658
4,random,400,msd_switch,54750,2353
4,reverse,400,quick_std,89375,58000
4,reverse,400,merge_std,245000,2857
4,reverse,400,merge_lcp,260916,1492
4,reverse,400,string_quick3,25833,6564
4,reverse,400,msd_plain,112042,1924
4,reverse,400,msd_switch,61000,4179
4,almost,400,quick_std,108417,62101
4,almost,400,merge_std,215250,4015
4,almost,400,merge_lcp,221625,1581
4,almost,400,string_quick3,26583,5854
4,almost,400,msd_plain,111667,1910
4,almost,400,msd_switch,61375,5437
4,random,500,quick_std,156708,75243
4,random,500,merge_std,342708,4853
4,random,500,merge_lcp,361750,3512
4,random,500,string_quick3,46792,8142
4,random,500,msd_plain,122000,2080
4,random,500,msd_switch,71083,3110
4,reverse,500,quick_std,90792,59516
4,reverse,500,merge_std,418000,3726
4,reverse,500,merge_lcp,341792,1867
4,reverse,500,string_quick3,48334,8184
4,reverse,500,msd_plain,153458,2404
4,reverse,500,msd_switch,76916,5170
4,almost,500,quick_std,132250,74049
4,almost,500,merge_std,283416,5077
4,almost,500,merge_lcp,282792,1986
4,almost,500,string_quick3,54791,7168
4,almost,500,msd_plain,169458,2394
4,almost,500,msd_switch,81500,7213
4,random,600,quick_std,207333,88578
4,random,600,merge_std,423500,6092
4,random,600,merge_lcp,453500,4384
4,random,600,string_quick3,56042,9373
4,random,600,msd_plain,147417,2512
4,random,600,msd_switch,87042,4051
4,reverse,600,quick_std,123750,83233
4,reverse,600,merge_std,377875,4400
4,reverse,600,merge_lcp,409708,2247
4,reverse,600,string_quick3,39375,9941
4,reverse,600,msd_plain,169750,2896
4,reverse,600,msd_switch,93917,6176
4,almost,600,quick_std,151250,85110
4,almost,600,merge_std,343209,6280
4,almost,600,merge_lcp,356000,2404
4,almost,600,string_quick3,40459,9596
4,almost,600,msd_plain,171625,2876
4,almost,600,msd_switch,92875,8443
4,random,700,quick_std,226333,108181
4,random,700,merge_std,564750,7439
4,random,700,merge_lcp,528708,5225
4,random,700,string_quick3,70250,12206
4,random,700,msd_plain,277417,2970
4,random,700,msd_switch,142958,4937
4,reverse,700,quick_std,178917,102279
4,reverse,700,merge_std,463458,5320
4,reverse,700,merge_lcp,484750,2618
4,reverse,700,string_quick3,46042,12004
4,reverse,700,msd_plain,198167,3392
4,reverse,700,msd_switch,108583,7231
4,almost,700,quick_std,187541,105186
4,almost,700,merge_std,411625,7528
4,almost,700,merge_lcp,416125,2836
4,almost,700,string_quick3,52958,13357
4,almost,700,msd_plain,199917,3354
4,almost,700,msd_switch,109625,9824
4,random,800,quick_std,270708,125704
4,random,800,merge_std,586833,8803
4,random,800,merge_lcp,628667,6119
4,random,800,string_quick3,89125,12004
4,random,800,msd_plain,202041,3402
4,random,800,msd_switch,121542,5930
4,reverse,800,quick_std,177917,117356
4,reverse,800,merge_std,518958,6186
4,reverse,800,merge_lcp,574792,2998
4,reverse,800,string_quick3,52416,13840
4,reverse,800,msd_plain,225084,3880
4,reverse,800,msd_switch,124292,8269
4,almost,800,quick_std,211417,118530
4,almost,800,merge_std,488500,8558
4,almost,800,merge_lcp,505834,3246
4,almost,800,string_quick3,61583,18349
4,almost,800,msd_plain,229000,3846
4,almost,800,msd_switch,126291,11289
4,random,900,quick_std,294292,140254
4,random,900,merge_std,669041,10137
4,random,900,merge_lcp,702458,7040
4,random,900,string_quick3,90541,13385
4,random,900,msd_plain,229041,3862
4,random,900,msd_switch,136625,6799
4,reverse,900,quick_std,176458,113756
4,reverse,900,merge_std,589167,7028
4,reverse,900,merge_lcp,643917,3375
4,reverse,900,string_quick3,62125,15815
4,reverse,900,msd_plain,255459,4392
4,reverse,900,msd_switch,139125,9376
4,almost,900,quick_std,234292,133769
4,almost,900,merge_std,547875,9783
4,almost,900,merge_lcp,580791,3691
4,almost,900,string_quick3,68917,18996
4,almost,900,msd_plain,257083,4322
4,almost,900,msd_switch,143292,12715
4,random,1000,quick_std,319750,154230
4,random,1000,merge_std,747375,11585
4,random,1000,merge_lcp,784917,7895
4,random,1000,string_quick3,100834,15955
4,random,1000,msd_plain,266125,4338
4,random,1000,msd_switch,152375,7974
4,reverse,1000,quick_std,206584,120668
4,reverse,1000,merge_std,686916,7999
4,reverse,1000,merge_lcp,690375,3768
4,reverse,1000,string_quick3,66042,17949
4,reverse,1000,msd_plain,279166,4858
4,reverse,1000,msd_switch,152875,10405
4,almost,1000,quick_std,253958,144907
4,almost,1000,merge_std,618167,10829
4,almost,1000,merge_lcp,631084,4099
4,almost,1000,string_quick3,73375,18824
4,almost,1000,msd_plain,286125,4818
4,almost,1000,msd_switch,157083,13938
4,random,1100,quick_std,356417,164022
4,random,1100,merge_std,829209,13042
4,random,1100,merge_lcp,921708,8949
4,random,1100,string_quick3,113792,18122
4,random,1100,msd_plain,293584,4790
4,random,1100,msd_switch,168333,8850
4,reverse,1100,quick_std,206917,136705
4,reverse,1100,merge_std,733667,8684
4,reverse,1100,merge_lcp,797875,4151
4,reverse,1100,string_quick3,73667,19851
4,reverse,1100,msd_plain,322500,5348
4,reverse,1100,msd_switch,167834,11452
4,almost,1100,quick_std,285166,161974
4,almost,1100,merge_std,690875,12205
4,almost,1100,merge_lcp,727750,4516
4,almost,1100,string_quick3,77500,19545
4,almost,1100,msd_plain,315125,5332
4,almost,1100,msd_switch,171125,15520
4,random,1200,quick_std,421459,179392
4,random,1200,merge_std,930875,14501
4,random,1200,merge_lcp,978792,9948
4,random,1200,string_quick3,124708,21135
4,random,1200,msd_plain,311166,5286
4,random,1200,msd_switch,186000,9879
4,reverse,1200,quick_std,244166,162428
4,reverse,1200,merge_std,812417,9486
4,reverse,1200,merge_lcp,869166,4534
4,reverse,1200,string_quick3,82000,22075
4,reverse,1200,msd_plain,339500,5856
4,reverse,1200,msd_switch,182500,12586
4,almost,1200,quick_std,329542,170323
4,almost,1200,merge_std,762250,13564
4,almost,1200,merge_lcp,795167,4937
4,almost,1200,string_quick3,83083,20792
4,almost,1200,msd_plain,347542,5806
4,almost,1200,msd_switch,188708,17358
4,random,1300,quick_std,420166,199093
4,random,1300,merge_std,1014292,16063
4,random,1300,merge_lcp,1068208,10898
4,random,1300,string_quick3,134875,21090
4,random,1300,msd_plain,332500,5748
4,random,1300,msd_switch,203208,10918
4,reverse,1300,quick_std,300625,179523
4,reverse,1300,merge_std,894583,10237
4,reverse,1300,merge_lcp,951083,4899
4,reverse,1300,string_quick3,89292,23531
4,reverse,1300,msd_plain,367584,6352
4,reverse,1300,msd_switch,199959,13625
4,almost,1300,quick_std,341042,195104
4,almost,1300,merge_std,827375,14683
4,almost,1300,merge_lcp,874250,5403
4,almost,1300,string_quick3,96542,25778
4,almost,1300,msd_plain,374208,6278
4,almost,1300,msd_switch,204417,18447
4,random,1400,quick_std,483875,216972
4,random,1400,merge_std,1125583,17574
4,random,1400,merge_lcp,1154709,11777
4,random,1400,string_quick3,148334,24657
4,random,1400,msd_plain,361084,6218
4,random,1400,msd_switch,222708,12230
4,reverse,1400,quick_std,309042,205376
4,reverse,1400,merge_std,987500,11255
4,reverse,1400,merge_lcp,1028208,5273
4,reverse,1400,string_quick3,94875,25316
4,reverse,1400,msd_plain,445167,6830
4,reverse,1400,msd_switch,231125,14594
4,almost,1400,quick_std,362084,204875
4,almost,1400,merge_std,921041,16179
4,almost,1400,merge_lcp,947667,5801
4,almost,1400,string_quick3,98792,24793
4,almost,1400,msd_plain,404833,6766
4,almost,1400,msd_switch,223500,19768
4,random,1500,quick_std,497833,237021
4,random,1500,merge_std,1235542,19152
4,random,1500,merge_lcp,1276375,12726
4,random,1500,string_quick3,159083,25592
4,random,1500,msd_plain,394167,6716
4,random,1500,msd_switch,237459,13352
4,reverse,1500,quick_std,345000,226732
4,reverse,1500,merge_std,1055625,12270
4,reverse,1500,merge_lcp,1108333,5647
4,reverse,1500,string_quick3,103250,28427
4,reverse,1500,msd_plain,435041,7348
4,reverse,1500,msd_switch,231666,15655
4,almost,1500,quick_std,396083,226548
4,almost,1500,merge_std,1063458,17547
4,almost,1500,merge_lcp,1033458,6196
4,almost,1500,string_quick3,106792,26921
4,almost,1500,msd_plain,454875,7264
4,almost,1500,msd_switch,239709,21072
4,random,1600,quick_std,522041,247887
4,random,1600,merge_std,1277958,20691
4,random,1600,merge_lcp,1333458,13700
4,random,1600,string_quick3,197125,29026
4,random,1600,msd_plain,434000,7178
4,random,1600,msd_switch,256541,14402
4,reverse,1600,quick_std,357625,236507
4,reverse,1600,merge_std,1106709,13092
4,reverse,1600,merge_lcp,1187292,6015
4,reverse,1600,string_quick3,109167,29870
4,reverse,1600,msd_plain,459833,7824
4,reverse,1600,msd_switch,243875,16686
4,almost,1600,quick_std,425458,244203
4,almost,1600,merge_std,1075208,18679
4,almost,1600,merge_lcp,1088917,6637
4,almost,1600,string_quick3,125000,32066
4,almost,1600,msd_plain,461917,7766
4,almost,1600,msd_switch,249875,22558
4,random,1700,quick_std,566125,266309
4,random,1700,merge_std,1369292,22280
4,random,1700,merge_lcp,1416084,14676
4,random,1700,string_quick3,187458,31649
4,random,1700,msd_plain,453167,7668
4,random,1700,msd_switch,270750,15545
4,reverse,1700,quick_std,358208,233564
4,reverse,1700,merge_std,1178333,13870
4,reverse,1700,merge_lcp,1248083,6390
4,reverse,1700,string_quick3,115083,31627
4,reverse,1700,msd_plain,488167,8302
4,reverse,1700,msd_switch,257750,17722
4,almost,1700,quick_std,449917,254776
4,almost,1700,merge_std,1185584,20343
4,almost,1700,merge_lcp,1185916,7125
4,almost,1700,string_quick3,130084,32680
4,almost,1700,msd_plain,490000,8256
4,almost,1700,msd_switch,264583,23958
4,random,1800,quick_std,628667,284450
4,random,1800,merge_std,1473875,23865
4,random,1800,merge_lcp,1555416,15656
4,random,1800,string_quick3,211083,34690
4,random,1800,msd_plain,512959,8170
4,random,1800,msd_switch,291167,16466
4,reverse,1800,quick_std,363167,238632
4,reverse,1800,merge_std,1259500,14876
4,reverse,1800,merge_lcp,1334750,6785
4,reverse,1800,string_quick3,122917,34014
4,reverse,1800,msd_plain,514541,8780
4,reverse,1800,msd_switch,271750,18731
4,almost,1800,quick_std,492750,269456
4,almost,1800,merge_std,1276458,21188
4,almost,1800,merge_lcp,1295292,7547
4,almost,1800,string_quick3,145583,37792
4,almost,1800,msd_plain,520958,8742
4,almost,1800,msd_switch,283709,25191
4,random,1900,quick_std,632416,292554
4,random,1900,merge_std,1623291,25522
4,random,1900,merge_lcp,1622584,16606
4,random,1900,string_quick3,207334,33183
4,random,1900,msd_plain,497833,8674
4,random,1900,msd_switch,303333,17631
4,reverse,1900,quick_std,362291,238340
4,reverse,1900,merge_std,1344417,15896
4,reverse,1900,merge_lcp,1400334,7152
4,reverse,1900,string_quick3,141250,36465
4,reverse,1900,msd_plain,554750,9278
4,reverse,1900,msd_switch,285750,19763
4,almost,1900,quick_std,494250,281682
4,almost,1900,merge_std,1290792,22188
4,almost,1900,merge_lcp,1394000,7944
4,almost,1900,string_quick3,150167,40482
4,almost,1900,msd_plain,562917,9218
4,almost,1900,msd_switch,298333,26230
4,random,2000,quick_std,697958,313428
4,random,2000,merge_std,1674667,27161
4,random,2000,merge_lcp,1697000,17592
4,random,2000,string_quick3,218417,38512
4,random,2000,msd_plain,528000,9204
4,random,2000,msd_switch,324000,18988
4,reverse,2000,quick_std,453667,243015
4,reverse,2000,merge_std,1502542,17052
4,reverse,2000,merge_lcp,1493042,7547
4,reverse,2000,string_quick3,138041,38500
4,reverse,2000,msd_plain,570167,9762
4,reverse,2000,msd_switch,306375,20761
4,almost,2000,quick_std,505959,284450
4,almost,2000,merge_std,1358542,23294
4,almost,2000,merge_lcp,1451125,8479
4,almost,2000,string_quick3,233833,45251
4,almost,2000,msd_plain,573958,9724
4,almost,2000,msd_switch,311333,27367
4,random,2100,quick_std,696583,328960
4,random,2100,merge_std,1871000,28804
4,random,2100,merge_lcp,1965083,18835
4,random,2100,string_quick3,231208,39903
4,random,2100,msd_plain,577125,9698
4,random,2100,msd_switch,341917,20703
4,reverse,2100,quick_std,489083,255819
4,reverse,2100,merge_std,1615208,17956
4,reverse,2100,merge_lcp,1739291,7947
4,reverse,2100,string_quick3,166166,40266
4,reverse,2100,msd_plain,608084,10238
4,reverse,2100,msd_switch,319750,21844
4,almost,2100,quick_std,542958,308977
4,almost,2100,merge_std,1434500,24962
4,almost,2100,merge_lcp,1569375,8899
4,almost,2100,string_quick3,178958,50712
4,almost,2100,msd_plain,637208,10224
4,almost,2100,msd_switch,344833,28671
4,random,2200,quick_std,741584,342176
4,random,2200,merge_std,1872209,30557
4,random,2200,merge_lcp,2000458,20091
4,random,2200,string_quick3,240875,41939
4,random,2200,msd_plain,646791,10234
4,random,2200,msd_switch,355583,21979
4,reverse,2200,quick_std,419083,276141
4,reverse,2200,merge_std,1564750,18509
4,reverse,2200,merge_lcp,1736167,8326
4,reverse,2200,string_quick3,159334,44128
4,reverse,2200,msd_plain,635250,10732
4,reverse,2200,msd_switch,332833,22871
4,almost,2200,quick_std,615292,324688
4,almost,2200,merge_std,1516000,26667
4,almost,2200,merge_lcp,1647833,9408
4,almost,2200,string_quick3,179791,52700
4,almost,2200,msd_plain,646167,10736
4,almost,2200,msd_switch,340750,29907
4,random,2300,quick_std,801166,362823
4,random,2300,merge_std,1955209,32274
4,random,2300,merge_lcp,2081542,21079
4,random,2300,string_quick3,258542,43170
4,random,2300,msd_plain,633542,10738
4,random,2300,msd_switch,372209,22810
4,reverse,2300,quick_std,453750,297380
4,reverse,2300,merge_std,1691208,19453
4,reverse,2300,merge_lcp,1810916,8726
4,reverse,2300,string_quick3,175625,45003
4,reverse,2300,msd_plain,679666,11232
4,reverse,2300,msd_switch,350750,23940
4,almost,2300,quick_std,604917,345281
4,almost,2300,merge_std,1624625,28385
4,almost,2300,merge_lcp,1709375,9900
4,almost,2300,string_quick3,187250,52272
4,almost,2300,msd_plain,675208,11208
4,almost,2300,msd_switch,354458,31360
4,random,2400,quick_std,801333,375184
4,random,2400,merge_std,2053792,33930
4,random,2400,merge_lcp,2170750,22130
4,random,2400,string_quick3,270625,44792
4,random,2400,msd_plain,668125,11250
4,random,2400,msd_switch,407334,24151
4,reverse,2400,quick_std,491250,328549
4,reverse,2400,merge_std,1752042,20172
4,reverse,2400,merge_lcp,1876667,9086
4,reverse,2400,string_quick3,170292,47525
4,reverse,2400,msd_plain,693791,11710
4,reverse,2400,msd_switch,363791,24927
4,almost,2400,quick_std,637333,362382
4,almost,2400,merge_std,1675041,29833
4,almost,2400,merge_lcp,1780042,10360
4,almost,2400,string_quick3,197125,55655
4,almost,2400,msd_plain,697417,11682
4,almost,2400,msd_switch,374084,32655
4,random,2500,quick_std,849333,395834
4,random,2500,merge_std,2193792,35677
4,random,2500,merge_lcp,2270459,23115
4,random,2500,string_quick3,276125,45973
4,random,2500,msd_plain,691417,11800
4,random,2500,msd_switch,411500,25322
4,reverse,2500,quick_std,514542,339563
4,reverse,2500,merge_std,1850916,21025
4,reverse,2500,merge_lcp,1950042,9491
4,reverse,2500,string_quick3,177416,50275
4,reverse,2500,msd_plain,720417,12184
4,reverse,2500,msd_switch,383792,25942
4,almost,2500,quick_std,658167,374267
4,almost,2500,merge_std,1795083,31284
4,almost,2500,merge_lcp,1919500,10870
4,almost,2500,string_quick3,214708,61341
4,almost,2500,msd_plain,734625,12174
4,almost,2500,msd_switch,396584,33883
4,random,2600,quick_std,942583,411575
4,random,2600,merge_std,2239792,37419
4,random,2600,merge_lcp,2322750,24132
4,random,2600,string_quick3,297375,46780
4,random,2600,msd_plain,722417,12334
4,random,2600,msd_switch,443042,26688
4,reverse,2600,quick_std,557125,367406
4,reverse,2600,merge_std,1898834,21922
4,reverse,2600,merge_lcp,2050417,9853
4,reverse,2600,string_quick3,185084,53637
4,reverse,2600,msd_plain,768750,12672
4,reverse,2600,msd_switch,408375,26926
4,almost,2600,quick_std,683042,388532
4,almost,2600,merge_std,1846500,32489
4,almost,2600,merge_lcp,1933208,11283
4,almost,2600,string_quick3,226250,62490
4,almost,2600,msd_plain,789458,12656
4,almost,2600,msd_switch,408708,35405
4,random,2700,quick_std,906083,420800
4,random,2700,merge_std,2309375,39149
4,random,2700,merge_lcp,2471333,25112
4,random,2700,string_quick3,303375,47395
4,random,2700,msd_plain,753708,12826
4,random,2700,msd_switch,450333,27863
4,reverse,2700,quick_std,586542,388220
4,reverse,2700,merge_std,1993958,22715
4,reverse,2700,merge_lcp,2188583,10231
4,reverse,2700,string_quick3,193625,55673
4,reverse,2700,msd_plain,785750,13158
4,reverse,2700,msd_switch,412208,27923
4,almost,2700,quick_std,731792,411429
4,almost,2700,merge_std,1943708,33756
4,almost,2700,merge_lcp,2076833,11796
4,almost,2700,string_quick3,230083,62378
4,almost,2700,msd_plain,792708,13144
4,almost,2700,msd_switch,425167,36467
4,random,2800,quick_std,946542,438957
4,random,2800,merge_std,2552125,40919
4,random,2800,merge_lcp,2484000,26054
4,random,2800,string_quick3,325833,54995
4,random,2800,msd_plain,786042,13344
4,random,2800,msd_switch,466708,28744
4,reverse,2800,quick_std,671333,419118
4,reverse,2800,merge_std,2080375,23772
4,reverse,2800,merge_lcp,2192250,10611
4,reverse,2800,string_quick3,198458,57149
4,reverse,2800,msd_plain,806208,13646
4,reverse,2800,msd_switch,459666,28945
4,almost,2800,quick_std,763000,431332
4,almost,2800,merge_std,2026625,35496
4,almost,2800,merge_lcp,2073042,12351
4,almost,2800,string_quick3,227667,65097
4,almost,2800,msd_plain,814792,13610
4,almost,2800,msd_switch,442125,37895
4,random,2900,quick_std,981666,459126
4,random,2900,merge_std,2518000,42631
4,random,2900,merge_lcp,2649708,27049
4,random,2900,string_quick3,331792,52054
4,random,2900,msd_plain,811166,13900
4,random,2900,msd_switch,486291,30095
4,reverse,2900,quick_std,659125,439538
4,reverse,2900,merge_std,2157167,24793
4,reverse,2900,merge_lcp,2316958,11001
4,reverse,2900,string_quick3,204583,59767
4,reverse,2900,msd_plain,836000,14144
4,reverse,2900,msd_switch,440625,29997
4,almost,2900,quick_std,737166,401739
4,almost,2900,merge_std,2140500,37226
4,almost,2900,merge_lcp,2129250,12898
4,almost,2900,string_quick3,238875,66657
4,almost,2900,msd_plain,843334,14116
4,almost,2900,msd_switch,453916,39083
4,random,3000,quick_std,1019291,473493
4,random,3000,merge_std,2614750,44421
4,random,3000,merge_lcp,2800833,28039
4,random,3000,string_quick3,343625,56900
4,random,3000,msd_plain,865958,14462
4,random,3000,msd_switch,507084,31553
4,reverse,3000,quick_std,718250,461974
4,reverse,3000,merge_std,2592208,25889
4,reverse,3000,merge_lcp,2483000,11407
4,reverse,3000,string_quick3,219541,63999
4,reverse,3000,msd_plain,870584,14632
4,reverse,3000,msd_switch,449584,31101
4,almost,3000,quick_std,687917,451612
4,almost,3000,merge_std,2095459,37778
4,almost,3000,merge_lcp,2186375,13402
4,almost,3000,string_quick3,233708,61910
4,almost,3000,msd_plain,920333,14586
4,almost,3000,msd_switch,467917,40736
5,random,100,quick_std,30791,15252
5,random,100,merge_std,59167,604
5,random,100,merge_lcp,57917,521
5,random,100,string_quick3,8500,1233
5,random,100,msd_plain,22708,354
5,random,100,msd_switch,13208,376
5,reverse,100,quick_std,22250,13559
5,reverse,100,merge_std,55709,611
5,reverse,100,merge_lcp,63542,342
5,reverse,100,string_quick3,6000,1430
5,reverse,100,msd_plain,62500,494
5,reverse,100,msd_switch,18084,1075
5,almost,100,quick_std,27875,13796
5,almost,100,merge_std,42833,777
5,almost,100,merge_lcp,43250,371
5,almost,100,string_quick3,5833,1305
5,almost,100,msd_plain,28042,480
5,almost,100,msd_switch,15084,1324
5,random,200,quick_std,60792,29247
5,random,200,merge_std,125833,1497
5,random,200,merge_lcp,130833,1207
5,random,200,string_quick3,16500,2554
5,random,200,msd_plain,48166,782
5,random,200,msd_switch,26083,951
5,reverse,200,quick_std,44875,28083
5,reverse,200,merge_std,160125,1335
5,reverse,200,merge_lcp,148375,747
5,reverse,200,string_quick3,11584,3166
5,reverse,200,msd_plain,59833,974
5,reverse,200,msd_switch,33084,2124
5,almost,200,quick_std,55250,30211
5,almost,200,merge_std,90958,1705
5,almost,200,merge_lcp,93833,733
5,almost,200,string_quick3,12125,2449
5,almost,200,msd_plain,55375,936
5,almost,200,msd_switch,30834,2462
5,random,300,quick_std,92667,45011
5,random,300,merge_std,208291,2526
5,random,300,merge_lcp,211167,1958
5,random,300,string_quick3,26125,3812
5,random,300,msd_plain,75209,1222
5,random,300,msd_switch,41083,1625
5,reverse,300,quick_std,59250,37378
5,reverse,300,merge_std,181917,2009
5,reverse,300,merge_lcp,197083,1124
5,reverse,300,string_quick3,18167,4380
5,reverse,300,msd_plain,87250,1452
5,reverse,300,msd_switch,46125,3149
5,almost,300,quick_std,85083,47159
5,almost,300,merge_std,144791,2765
5,almost,300,merge_lcp,153250,1157
5,almost,300,string_quick3,16916,4049
5,almost,300,msd_plain,81709,1416
5,almost,300,msd_switch,45250,3740
5,random,400,quick_std,122458,58029
5,random,400,merge_std,275750,3654
5,random,400,merge_lcp,290792,2714
5,random,400,string_quick3,36750,5747
5,random,400,msd_plain,100250,1648
5,random,400,msd_switch,58542,2325
5,reverse,400,quick_std,88042,55217
5,reverse,400,merge_std,256459,2856
5,reverse,400,merge_lcp,268625,1520
5,reverse,400,string_quick3,24875,6257
5,reverse,400,msd_plain,116458,1940
5,reverse,400,msd_switch,61167,4176
5,almost,400,quick_std,114791,62120
5,almost,400,merge_std,233459,3891
5,almost,400,merge_lcp,252958,1588
5,almost,400,string_quick3,26208,5912
5,almost,400,msd_plain,112833,1906
5,almost,400,msd_switch,62333,5589
5,random,500,quick_std,158875,78772
5,random,500,merge_std,355583,4830
5,random,500,merge_lcp,361833,3493
5,random,500,string_quick3,46958,7060
5,random,500,msd_plain,159375,2084
5,random,500,msd_switch,71708,3125
5,reverse,500,quick_std,91583,60272
5,reverse,500,merge_std,341708,3762
5,reverse,500,merge_lcp,334166,1900
5,reverse,500,string_quick3,30750,8449
5,reverse,500,msd_plain,146834,2422
5,reverse,500,msd_switch,77541,5148
5,almost,500,quick_std,136167,76431
5,almost,500,merge_std,275417,5055
5,almost,500,merge_lcp,281625,1978
5,almost,500,string_quick3,32083,6848
5,almost,500,msd_plain,141791,2398
5,almost,500,msd_switch,77667,6613
5,random,600,quick_std,189875,92998
5,random,600,merge_std,426375,6104
5,random,600,merge_lcp,458708,4368
5,random,600,string_quick3,58792,9519
5,random,600,msd_plain,148375,2516
5,random,600,msd_switch,86416,3996
5,reverse,600,quick_std,122167,79882
5,reverse,600,merge_std,418583,4382
5,reverse,600,merge_lcp,436625,2284
5,reverse,600,string_quick3,37041,10331
5,reverse,600,msd_plain,174583,2928
5,reverse,600,msd_switch,93667,6257
5,almost,600,quick_std,160625,89261
5,almost,600,merge_std,340292,6218
5,almost,600,merge_lcp,367583,2426
5,almost,600,string_quick3,40250,8967
5,almost,600,msd_plain,170250,2876
5,almost,600,msd_switch,91875,7877
5,random,700,quick_std,218666,102429
5,random,700,merge_std,515375,7405
5,random,700,merge_lcp,531459,5178
5,random,700,string_quick3,66583,11147
5,random,700,msd_plain,182083,2960
5,random,700,msd_switch,121250,4969
5,reverse,700,quick_std,155708,102696
5,reverse,700,merge_std,461834,5228
5,reverse,700,merge_lcp,495542,2662
5,reverse,700,string_quick3,44458,11713
5,reverse,700,msd_plain,203375,3398
5,reverse,700,msd_switch,110208,7192
5,almost,700,quick_std,183333,100774
5,almost,700,merge_std,472542,7456
5,almost,700,merge_lcp,446250,2811
5,almost,700,string_quick3,48083,12129
5,almost,700,msd_plain,199291,3346
5,almost,700,msd_switch,109750,9166
5,random,800,quick_std,384958,122369
5,random,800,merge_std,608667,8791
5,random,800,merge_lcp,633958,6087
5,random,800,string_quick3,79125,13125
5,random,800,msd_plain,207167,3408
5,random,800,msd_switch,125625,5836
5,reverse,800,quick_std,176291,114459
5,reverse,800,merge_std,544000,6153
5,reverse,800,merge_lcp,575333,3024
5,reverse,800,string_quick3,51083,13801
5,reverse,800,msd_plain,229500,3880
5,reverse,800,msd_switch,125833,8221
5,almost,800,quick_std,213959,121257
5,almost,800,merge_std,479500,8594
5,almost,800,merge_lcp,502083,3210
5,almost,800,string_quick3,82625,16074
5,almost,800,msd_plain,235333,3812
5,almost,800,msd_switch,125166,10565
5,random,900,quick_std,294625,137246
5,random,900,merge_std,697417,10166
5,random,900,merge_lcp,804833,7002
5,random,900,string_quick3,89916,15021
5,random,900,msd_plain,244917,3856
5,random,900,msd_switch,135625,6816
5,reverse,900,quick_std,180375,116613
5,reverse,900,merge_std,625125,7015
5,reverse,900,merge_lcp,638125,3432
5,reverse,900,string_quick3,56750,15236
5,reverse,900,msd_plain,261917,4356
5,reverse,900,msd_switch,142709,9225
5,almost,900,quick_std,242459,135355
5,almost,900,merge_std,612209,9690
5,almost,900,merge_lcp,582458,3601
5,almost,900,string_quick3,60250,15283
5,almost,900,msd_plain,258250,4302
5,almost,900,msd_switch,140334,11849
5,random,1000,quick_std,321583,153843
5,random,1000,merge_std,830333,11559
5,random,1000,merge_lcp,916709,7850
5,random,1000,string_quick3,103834,15625
5,random,1000,msd_plain,252750,4322
5,random,1000,msd_switch,157792,7664
5,reverse,1000,quick_std,185708,121807
5,reverse,1000,merge_std,675416,8061
5,reverse,1000,merge_lcp,728833,3804
5,reverse,1000,string_quick3,62750,17028
5,reverse,1000,msd_plain,287542,4860
5,reverse,1000,msd_switch,155125,10246
5,almost,1000,quick_std,265167,149812
5,almost,1000,merge_std,609958,11053
5,almost,1000,merge_lcp,622292,4020
5,almost,1000,string_quick3,66625,17623
5,almost,1000,msd_plain,283792,4782
5,almost,1000,msd_switch,157334,12920
5,random,1100,quick_std,356542,165500
5,random,1100,merge_std,863833,13059
5,random,1100,merge_lcp,909000,9038
5,random,1100,string_quick3,110792,17466
5,random,1100,msd_plain,284750,4794
5,random,1100,msd_switch,170375,8692
5,reverse,1100,quick_std,213584,140920
5,reverse,1100,merge_std,763666,8727
5,reverse,1100,merge_lcp,812250,4168
5,reverse,1100,string_quick3,82000,19315
5,reverse,1100,msd_plain,317334,5330
5,reverse,1100,msd_switch,170959,11183
5,almost,1100,quick_std,291333,166995
5,almost,1100,merge_std,816666,12187
5,almost,1100,merge_lcp,733416,4479
5,almost,1100,string_quick3,74334,19059
5,almost,1100,msd_plain,311667,5250
5,almost,1100,msd_switch,171209,14837
5,random,1200,quick_std,393333,183537
5,random,1200,merge_std,950209,14513
5,random,1200,merge_lcp,988917,9989
5,random,1200,string_quick3,125083,20177
5,random,1200,msd_plain,308917,5264
5,random,1200,msd_switch,188000,9833
5,reverse,1200,quick_std,252416,160264
5,reverse,1200,merge_std,817750,9479
5,reverse,1200,merge_lcp,904416,4549
5,reverse,1200,string_quick3,77958,21229
5,reverse,1200,msd_plain,342667,5822
5,reverse,1200,msd_switch,184917,12198
5,almost,1200,quick_std,318375,180969
5,almost,1200,merge_std,760250,13731
5,almost,1200,merge_lcp,859541,4879
5,almost,1200,string_quick3,81833,21515
5,almost,1200,msd_plain,338167,5734
5,almost,1200,msd_switch,189417,16265
5,random,1300,quick_std,423167,199775
5,random,1300,merge_std,1024458,16038
5,random,1300,merge_lcp,1075042,10902
5,random,1300,string_quick3,143791,21236
5,random,1300,msd_plain,335250,5734
5,random,1300,msd_switch,203250,11087
5,reverse,1300,quick_std,281166,185224
5,reverse,1300,merge_std,909083,10380
5,reverse,1300,merge_lcp,1022459,4933
5,reverse,1300,string_quick3,82833,22526
5,reverse,1300,msd_plain,371875,6312
5,reverse,1300,msd_switch,200375,13130
5,almost,1300,quick_std,342125,193725
5,almost,1300,merge_std,874667,15229
5,almost,1300,merge_lcp,884416,5344
5,almost,1300,string_quick3,91208,23164
5,almost,1300,msd_plain,368792,6200
5,almost,1300,msd_switch,203875,17520
5,random,1400,quick_std,459917,216393
5,random,1400,merge_std,1196834,17540
5,random,1400,merge_lcp,1163875,11804
5,random,1400,string_quick3,150458,26899
5,random,1400,msd_plain,377167,6228
5,random,1400,msd_switch,225625,12173
5,reverse,1400,quick_std,317875,212339
5,reverse,1400,merge_std,981000,11223
5,reverse,1400,merge_lcp,1057375,5314
5,reverse,1400,string_quick3,90292,25249
5,reverse,1400,msd_plain,406375,6774
5,reverse,1400,msd_switch,227375,14134
5,almost,1400,quick_std,373334,214887
5,almost,1400,merge_std,945917,16441
5,almost,1400,merge_lcp,952292,5787
5,almost,1400,string_quick3,100625,25307
5,almost,1400,msd_plain,396750,6688
5,almost,1400,msd_switch,221333,19144
5,random,1500,quick_std,496166,230049
5,random,1500,merge_std,1233875,19179
5,random,1500,merge_lcp,1259000,12737
5,random,1500,string_quick3,159833,25878
5,random,1500,msd_plain,395834,6718
5,random,1500,msd_switch,347083,12930
5,reverse,1500,quick_std,346291,231392
5,reverse,1500,merge_std,1115583,12135
5,reverse,1500,merge_lcp,1116625,5698
5,reverse,1500,string_quick3,101375,26802
5,reverse,1500,msd_plain,435542,7266
5,reverse,1500,msd_switch,228292,15157
5,almost,1500,quick_std,486958,229965
5,almost,1500,merge_std,1047833,17742
5,almost,1500,merge_lcp,1009750,6221
5,almost,1500,string_quick3,107750,26207
5,almost,1500,msd_plain,435833,7154
5,almost,1500,msd_switch,234083,20546
5,random,1600,quick_std,528417,251827
5,random,1600,merge_std,1419125,20683
5,random,1600,merge_lcp,1436416,13727
5,random,1600,string_quick3,169625,27480
5,random,1600,msd_plain,423583,7212
5,random,1600,msd_switch,252041,14194
5,reverse,1600,quick_std,360917,239548
5,reverse,1600,merge_std,1142875,13101
5,reverse,1600,merge_lcp,1186791,6101
5,reverse,1600,string_quick3,103667,29031
5,reverse,1600,msd_plain,449000,7762
5,reverse,1600,msd_switch,240167,16180
5,almost,1600,quick_std,426625,242142
5,almost,1600,merge_std,1258167,18824
5,almost,1600,merge_lcp,1093459,6665
5,almost,1600,string_quick3,115042,28051
5,almost,1600,msd_plain,445792,7626
5,almost,1600,msd_switch,249375,21466
5,random,1700,quick_std,571166,272872
5,random,1700,merge_std,1382083,22319
5,random,1700,merge_lcp,1423458,14709
5,random,1700,string_quick3,207042,31661
5,random,1700,msd_plain,448458,7708
5,random,1700,msd_switch,294958,15159
5,reverse,1700,quick_std,364375,240188
5,reverse,1700,merge_std,1266250,13852
5,reverse,1700,merge_lcp,1274333,6456
5,reverse,1700,string_quick3,110125,30834
5,reverse,1700,msd_plain,482333,8218
5,reverse,1700,msd_switch,261625,17170
5,almost,1700,quick_std,452917,258572
5,almost,1700,merge_std,1218500,20405
5,almost,1700,merge_lcp,1177750,7194
5,almost,1700,string_quick3,132250,34073
5,almost,1700,msd_plain,474792,8126
5,almost,1700,msd_switch,274291,23223
5,random,1800,quick_std,616916,278139
5,random,1800,merge_std,1610042,23945
5,random,1800,merge_lcp,1583417,15673
5,random,1800,string_quick3,323083,33240
5,random,1800,msd_plain,490416,8230
5,random,1800,msd_switch,302000,16801
5,reverse,1800,quick_std,371625,244357
5,reverse,1800,merge_std,1304875,14960
5,reverse,1800,merge_lcp,1347083,6843
5,reverse,1800,string_quick3,117417,32469
5,reverse,1800,msd_plain,512041,8726
5,reverse,1800,msd_switch,312625,18248
5,almost,1800,quick_std,480625,272033
5,almost,1800,merge_std,1481750,21549
5,almost,1800,merge_lcp,1250041,7738
5,almost,1800,string_quick3,156917,37972
5,almost,1800,msd_plain,505583,8650
5,almost,1800,msd_switch,288875,24725
5,random,1900,quick_std,638208,297303
5,random,1900,merge_std,1703791,25534
5,random,1900,merge_lcp,1676375,16592
5,random,1900,string_quick3,203167,33792
5,random,1900,msd_plain,515000,8724
5,random,1900,msd_switch,306833,17939
5,reverse,1900,quick_std,371792,243513
5,reverse,1900,merge_std,1339833,15980
5,reverse,1900,merge_lcp,1455833,7239
5,reverse,1900,string_quick3,125542,34486
5,reverse,1900,msd_plain,540208,9210
5,reverse,1900,msd_switch,289458,19285
5,almost,1900,quick_std,504791,286073
5,almost,1900,merge_std,1291542,23065
5,almost,1900,merge_lcp,1387542,8182
5,almost,1900,string_quick3,169750,41932
5,almost,1900,msd_plain,581416,9136
5,almost,1900,msd_switch,316916,26270
5,random,2000,quick_std,674917,322118
5,random,2000,merge_std,1631875,27151
5,random,2000,merge_lcp,1676625,17602
5,random,2000,string_quick3,218458,38234
5,random,2000,msd_plain,576041,9224
5,random,2000,msd_switch,347625,19207
5,reverse,2000,quick_std,378875,250179
5,reverse,2000,merge_std,1466000,17135
5,reverse,2000,merge_lcp,1520000,7644
5,reverse,2000,string_quick3,133292,36590
5,reverse,2000,msd_plain,569209,9688
5,reverse,2000,msd_switch,320125,20310
5,almost,2000,quick_std,529250,301579
5,almost,2000,merge_std,1411583,24301
5,almost,2000,merge_lcp,1409042,8667
5,almost,2000,string_quick3,167333,46182
5,almost,2000,msd_plain,563917,9638
5,almost,2000,msd_switch,312334,27436
5,random,2100,quick_std,696083,327959
5,random,2100,merge_std,1780750,28846
5,random,2100,merge_lcp,1885041,18917
5,random,2100,string_quick3,229209,37175
5,random,2100,msd_plain,571584,9734
5,random,2100,msd_switch,342959,20211
5,reverse,2100,quick_std,395750,260301
5,reverse,2100,merge_std,1470167,17939
5,reverse,2100,merge_lcp,1645000,8004
5,reverse,2100,string_quick3,141125,39903
5,reverse,2100,msd_plain,605209,10166
5,reverse,2100,msd_switch,329917,21274
5,almost,2100,quick_std,564458,316098
5,almost,2100,merge_std,1443334,25479
5,almost,2100,merge_lcp,1543125,9175
5,almost,2100,string_quick3,185375,50020
5,almost,2100,msd_plain,605125,10122
5,almost,2100,msd_switch,332584,28787
5,random,2200,quick_std,752292,353305
5,random,2200,merge_std,1900500,30530
5,random,2200,merge_lcp,1928833,20091
5,random,2200,string_quick3,242166,38059
5,random,2200,msd_plain,585167,10238
5,random,2200,msd_switch,350750,21712
5,reverse,2200,quick_std,433875,283884
5,reverse,2200,merge_std,1570125,18529
5,reverse,2200,merge_lcp,1722250,8371
5,reverse,2200,string_quick3,145958,40948
5,reverse,2200,msd_plain,644416,10660
5,reverse,2200,msd_switch,351041,22339
5,almost,2200,quick_std,588667,331891
5,almost,2200,merge_std,1502083,26996
5,almost,2200,merge_lcp,1595625,9698
5,almost,2200,string_quick3,177708,51066
5,almost,2200,msd_plain,621708,10602
5,almost,2200,msd_switch,340166,30115
5,random,2300,quick_std,809459,364035
5,random,2300,merge_std,1939792,32272
5,random,2300,merge_lcp,2005250,21152
5,random,2300,string_quick3,259833,46193
5,random,2300,msd_plain,614750,10772
5,random,2300,msd_switch,389417,22883
5,reverse,2300,quick_std,475084,301849
5,reverse,2300,merge_std,1659750,19582
5,reverse,2300,merge_lcp,1787917,8780
5,reverse,2300,string_quick3,155416,43982
5,reverse,2300,msd_plain,647083,11150
5,reverse,2300,msd_switch,346333,23394
5,almost,2300,quick_std,638583,340970
5,almost,2300,merge_std,1620709,28687
5,almost,2300,merge_lcp,1660291,10164
5,almost,2300,string_quick3,189958,53796
5,almost,2300,msd_plain,654833,11104
5,almost,2300,msd_switch,358375,31344
5,random,2400,quick_std,813708,381149
5,random,2400,merge_std,2084584,33929
5,random,2400,merge_lcp,2115166,22165
5,random,2400,string_quick3,267041,43308
5,random,2400,msd_plain,643292,11276
5,random,2400,msd_switch,395042,24110
5,reverse,2400,quick_std,519833,323521
5,reverse,2400,merge_std,1763042,20141
5,reverse,2400,merge_lcp,1870625,9172
5,reverse,2400,string_quick3,163542,46778
5,reverse,2400,msd_plain,674375,11644
5,reverse,2400,msd_switch,363792,24395
5,almost,2400,quick_std,644166,370127
5,almost,2400,merge_std,1756542,30190
5,almost,2400,merge_lcp,1743542,10665
5,almost,2400,string_quick3,202292,59033
5,almost,2400,msd_plain,676709,11592
5,almost,2400,msd_switch,373625,32601
5,random,2500,quick_std,842292,396006
5,random,2500,merge_std,2147125,35662
5,random,2500,merge_lcp,2205125,23143
5,random,2500,string_quick3,288959,48697
5,random,2500,msd_plain,681583,11804
5,random,2500,msd_switch,412083,25042
5,reverse,2500,quick_std,552208,349331
5,reverse,2500,merge_std,1829917,20890
5,reverse,2500,merge_lcp,1941959,9554
5,reverse,2500,string_quick3,166250,47676
5,reverse,2500,msd_plain,710291,12130
5,reverse,2500,msd_switch,376125,25477
5,almost,2500,quick_std,668208,384127
5,almost,2500,merge_std,1848875,31655
5,almost,2500,merge_lcp,2155959,11072
5,almost,2500,string_quick3,537375,59687
5,almost,2500,msd_plain,707583,12076
5,almost,2500,msd_switch,412625,33682
5,random,2600,quick_std,888083,408004
5,random,2600,merge_std,2360125,37423
5,random,2600,merge_lcp,2327166,24158
5,random,2600,string_quick3,319250,47270
5,random,2600,msd_plain,725417,12330
5,random,2600,msd_switch,427875,26034
5,reverse,2600,quick_std,559834,368787
5,reverse,2600,merge_std,1935291,21911
5,reverse,2600,merge_lcp,2181416,9912
5,reverse,2600,string_quick3,200041,50958
5,reverse,2600,msd_plain,748792,12626
5,reverse,2600,msd_switch,397083,26473
5,almost,2600,quick_std,722542,397435
5,almost,2600,merge_std,1984125,33272
5,almost,2600,merge_lcp,2040292,11557
5,almost,2600,string_quick3,224250,62731
5,almost,2600,msd_plain,777917,12548
5,almost,2600,msd_switch,414541,35503
5,random,2700,quick_std,915292,421552
5,random,2700,merge_std,2366541,39135
5,random,2700,merge_lcp,2413625,25163
5,random,2700,string_quick3,310125,54550
5,random,2700,msd_plain,752083,12858
5,random,2700,msd_switch,447666,27231
5,reverse,2700,quick_std,585292,385876
5,reverse,2700,merge_std,2049292,22833
5,reverse,2700,merge_lcp,2131208,10317
5,reverse,2700,string_quick3,187167,54878
5,reverse,2700,msd_plain,869042,13102
5,reverse,2700,msd_switch,426916,27516
5,almost,2700,quick_std,725542,403015
5,almost,2700,merge_std,2045625,34378
5,almost,2700,merge_lcp,1988167,11960
5,almost,2700,string_quick3,221708,63161
5,almost,2700,msd_plain,784000,13018
5,almost,2700,msd_switch,419125,36504
5,random,2800,quick_std,1047709,451164
5,random,2800,merge_std,2435709,40831
5,random,2800,merge_lcp,2465208,26093
5,random,2800,string_quick3,323917,54571
5,random,2800,msd_plain,769459,13406
5,random,2800,msd_switch,459541,29379
5,reverse,2800,quick_std,660833,419751
5,reverse,2800,merge_std,2075125,23839
5,reverse,2800,merge_lcp,2180834,10702
5,reverse,2800,string_quick3,189375,55199
5,reverse,2800,msd_plain,796958,13590
5,reverse,2800,msd_switch,421333,28515
5,almost,2800,quick_std,708583,414670
5,almost,2800,merge_std,2053750,35680
5,almost,2800,merge_lcp,2054208,12534
5,almost,2800,string_quick3,244417,68526
5,almost,2800,msd_plain,790000,13506
5,almost,2800,msd_switch,449166,37685
5,random,2900,quick_std,1009250,459492
5,random,2900,merge_std,2666834,42712
5,random,2900,merge_lcp,2642333,27122
5,random,2900,string_quick3,331208,52848
5,random,2900,msd_plain,816166,13932
5,random,2900,msd_switch,516084,30742
5,reverse,2900,quick_std,657833,435841
5,reverse,2900,merge_std,2249959,24769
5,reverse,2900,merge_lcp,2401291,11087
5,reverse,2900,string_quick3,199667,57809
5,reverse,2900,msd_plain,855250,14066
5,reverse,2900,msd_switch,532125,29532
5,almost,2900,quick_std,739208,431364
5,almost,2900,merge_std,2179542,37310
5,almost,2900,merge_lcp,2137042,12975
5,almost,2900,string_quick3,232959,65608
5,almost,2900,msd_plain,961417,13996
5,almost,2900,msd_switch,447250,39314
5,random,3000,quick_std,1025292,479192
5,random,3000,merge_std,2789917,44582
5,random,3000,merge_lcp,2713125,28107
5,random,3000,string_quick3,346083,56303
5,random,3000,msd_plain,1018000,14494
5,random,3000,msd_switch,524375,31806
5,reverse,3000,quick_std,700541,460341
5,reverse,3000,merge_std,2422083,25762
5,reverse,3000,merge_lcp,2393417,11483
5,reverse,3000,string_quick3,231792,62112
5,reverse,3000,msd_plain,863708,14558
5,reverse,3000,msd_switch,454958,30581
5,almost,3000,quick_std,690208,451893
5,almost,3000,merge_std,2200167,38165
5,almost,3000,merge_lcp,2257458,13463
5,almost,3000,string_quick3,241833,67840
5,almost,3000,msd_plain,850166,14472
5,almost,3000,msd_switch,487458,40865
6,random,100,quick_std,30667,15421
6,random,100,merge_std,56291,596
6,random,100,merge_lcp,58250,517
6,random,100,string_quick3,7916,977
6,random,100,msd_plain,25583,346
6,random,100,msd_switch,12875,379
6,reverse,100,quick_std,23709,15239
6,reverse,100,merge_std,51667,605
6,reverse,100,merge_lcp,53500,342
6,reverse,100,string_quick3,6000,1156
6,reverse,100,msd_plain,29417,502
6,reverse,100,msd_switch,15875,1038
6,almost,100,quick_std,28333,14553
6,almost,100,merge_std,44875,793
6,almost,100,merge_lcp,44583,368
6,almost,100,string_quick3,6042,1193
6,almost,100,msd_plain,27208,480
6,almost,100,msd_switch,14833,1157
6,random,200,quick_std,58000,29449
6,random,200,merge_std,119542,1474
6,random,200,merge_lcp,127500,1183
6,random,200,string_quick3,17041,2713
6,random,200,msd_plain,46125,786
6,random,200,msd_switch,25458,895
6,reverse,200,quick_std,45500,30074
6,reverse,200,merge_std,113916,1326
6,reverse,200,merge_lcp,113458,738
6,reverse,200,string_quick3,12500,3060
6,reverse,200,msd_plain,55292,972
6,reverse,200,msd_switch,30541,2045
6,almost,200,quick_std,55250,29308
6,almost,200,merge_std,97542,1770
6,almost,200,merge_lcp,96666,747
6,almost,200,string_quick3,11542,2436
6,almost,200,msd_plain,56708,942
6,almost,200,msd_switch,49042,2589
6,random,300,quick_std,93208,46426
6,random,300,merge_std,198458,2513
6,random,300,merge_lcp,210458,1924
6,random,300,string_quick3,30375,3952
6,random,300,msd_plain,73917,1220
6,random,300,msd_switch,39834,1529
6,reverse,300,quick_std,60584,38512
6,reverse,300,merge_std,178917,2123
6,reverse,300,merge_lcp,188584,1119
6,reverse,300,string_quick3,18833,4824
6,reverse,300,msd_plain,86333,1486
6,reverse,300,msd_switch,45750,3150
6,almost,300,quick_std,83000,44566
6,almost,300,merge_std,165417,2824
6,almost,300,merge_lcp,166750,1133
6,almost,300,string_quick3,17667,3835
6,almost,300,msd_plain,86167,1428
6,almost,300,msd_switch,47875,3676
6,random,400,quick_std,124375,61109
6,random,400,merge_std,290625,3623
6,random,400,merge_lcp,288666,2718
6,random,400,string_quick3,37291,6337
6,random,400,msd_plain,97625,1646
6,random,400,msd_switch,55250,2338
6,reverse,400,quick_std,90666,59470
6,reverse,400,merge_std,286416,2855
6,reverse,400,merge_lcp,263459,1495
6,reverse,400,string_quick3,25125,6226
6,reverse,400,msd_plain,125584,1958
6,reverse,400,msd_switch,62792,4124
6,almost,400,quick_std,111250,64097
6,almost,400,merge_std,219625,3778
6,almost,400,merge_lcp,228834,1525
6,almost,400,string_quick3,26000,6310
6,almost,400,msd_plain,114000,1896
6,almost,400,msd_switch,63000,5262
6,random,500,quick_std,159625,77815
6,random,500,merge_std,350916,4831
6,random,500,merge_lcp,366458,3516
6,random,500,string_quick3,48583,7174
6,random,500,msd_plain,128334,2072
6,random,500,msd_switch,86500,3203
6,reverse,500,quick_std,89292,56648
6,reverse,500,merge_std,310583,3769
6,reverse,500,merge_lcp,326125,1872
6,reverse,500,string_quick3,30834,7717
6,reverse,500,msd_plain,144625,2442
6,reverse,500,msd_switch,78666,5186
6,almost,500,quick_std,135459,76111
6,almost,500,merge_std,300875,4838
6,almost,500,merge_lcp,295083,1932
6,almost,500,string_quick3,33500,7262
6,almost,500,msd_plain,158084,2380
6,almost,500,msd_switch,79250,6509
6,random,600,quick_std,192500,90733
6,random,600,merge_std,433250,6144
6,random,600,merge_lcp,458416,4410
6,random,600,string_quick3,57167,8981
6,random,600,msd_plain,153125,2542
6,random,600,msd_switch,88292,4057
6,reverse,600,quick_std,119417,77785
6,reverse,600,merge_std,389916,4444
6,reverse,600,merge_lcp,418292,2231
6,reverse,600,string_quick3,37000,9630
6,reverse,600,msd_plain,173792,2928
6,reverse,600,msd_switch,93500,6280
6,almost,600,quick_std,156833,88866
6,almost,600,merge_std,359958,6117
6,almost,600,merge_lcp,378084,2369
6,almost,600,string_quick3,41959,10711
6,almost,600,msd_plain,175458,2886
6,almost,600,msd_switch,95375,7919
6,random,700,quick_std,223500,107106
6,random,700,merge_std,522625,7444
6,random,700,merge_lcp,533500,5268
6,random,700,string_quick3,67750,12614
6,random,700,msd_plain,174833,2994
6,random,700,msd_switch,102041,5037
6,reverse,700,quick_std,177042,100516
6,reverse,700,merge_std,452667,5303
6,reverse,700,merge_lcp,486917,2602
6,reverse,700,string_quick3,44084,12054
6,reverse,700,msd_plain,221750,3420
6,reverse,700,msd_switch,107500,7280
6,almost,700,quick_std,188000,106625
6,almost,700,merge_std,437584,7475
6,almost,700,merge_lcp,432250,2810
6,almost,700,string_quick3,51083,13011
6,almost,700,msd_plain,201875,3368
6,almost,700,msd_switch,110167,9150
6,random,800,quick_std,260750,127424
6,random,800,merge_std,598375,8781
6,random,800,merge_lcp,626250,6109
6,random,800,string_quick3,77875,12305
6,random,800,msd_plain,201458,3444
6,random,800,msd_switch,119875,5852
6,reverse,800,quick_std,176334,115471
6,reverse,800,merge_std,549417,6129
6,reverse,800,merge_lcp,582042,2986
6,reverse,800,string_quick3,52125,13851
6,reverse,800,msd_plain,230084,3912
6,reverse,800,msd_switch,123500,8319
6,almost,800,quick_std,217375,125043
6,almost,800,merge_std,492625,8605
6,almost,800,merge_lcp,512917,3247
6,almost,800,string_quick3,57667,15261
6,almost,800,msd_plain,228875,3874
6,almost,800,msd_switch,124958,10908
6,random,900,quick_std,288417,139712
6,random,900,merge_std,681416,10171
6,random,900,merge_lcp,703750,7044
6,random,900,string_quick3,90042,13602
6,random,900,msd_plain,227375,3874
6,random,900,msd_switch,137958,6836
6,reverse,900,quick_std,178208,116925
6,reverse,900,merge_std,595916,7057
6,reverse,900,merge_lcp,673292,3364
6,reverse,900,string_quick3,57833,15598
6,reverse,900,msd_plain,257500,4410
6,reverse,900,msd_switch,138417,9375
6,almost,900,quick_std,242666,133572
6,almost,900,merge_std,645208,9981
6,almost,900,merge_lcp,594583,3730
6,almost,900,string_quick3,63416,16468
6,almost,900,msd_plain,261083,4358
6,almost,900,msd_switch,142916,12800
6,random,1000,quick_std,325250,154153
6,random,1000,merge_std,767083,11589
6,random,1000,merge_lcp,804125,7921
6,random,1000,string_quick3,100833,17040
6,random,1000,msd_plain,250583,4314
6,random,1000,msd_switch,152333,7671
6,reverse,1000,quick_std,180875,116624
6,reverse,1000,merge_std,684333,8039
6,reverse,1000,merge_lcp,724584,3732
6,reverse,1000,string_quick3,66083,17475
6,reverse,1000,msd_plain,293583,4898
6,reverse,1000,msd_switch,153292,10412
6,almost,1000,quick_std,269083,153101
6,almost,1000,merge_std,644875,11015
6,almost,1000,merge_lcp,665166,4230
6,almost,1000,string_quick3,69333,17146
6,almost,1000,msd_plain,287583,4864
6,almost,1000,msd_switch,158625,13652
6,random,1100,quick_std,358458,170229
6,random,1100,merge_std,846208,13050
6,random,1100,merge_lcp,982333,9006
6,random,1100,string_quick3,112916,20401
6,random,1100,msd_plain,279042,4784
6,random,1100,msd_switch,169167,8927
6,reverse,1100,quick_std,206916,135246
6,reverse,1100,merge_std,730000,8696
6,reverse,1100,merge_lcp,822709,4122
6,reverse,1100,string_quick3,73958,19940
6,reverse,1100,msd_plain,315625,5358
6,reverse,1100,msd_switch,166792,11376
6,almost,1100,quick_std,295125,170075
6,almost,1100,merge_std,699375,12401
6,almost,1100,merge_lcp,745375,4632
6,almost,1100,string_quick3,78000,19838
6,almost,1100,msd_plain,334333,5376
6,almost,1100,msd_switch,174542,15232
6,random,1200,quick_std,397166,190347
6,random,1200,merge_std,981291,14574
6,random,1200,merge_lcp,987208,9920
6,random,1200,string_quick3,124917,24095
6,random,1200,msd_plain,303875,5264
6,random,1200,msd_switch,192125,9838
6,reverse,1200,quick_std,241000,158502
6,reverse,1200,merge_std,807458,9429
6,reverse,1200,merge_lcp,870916,4508
6,reverse,1200,string_quick3,79875,21188
6,reverse,1200,msd_plain,340333,5836
6,reverse,1200,msd_switch,190250,12285
6,almost,1200,quick_std,447166,183633
6,almost,1200,merge_std,784208,13887
6,almost,1200,merge_lcp,815791,5011
6,almost,1200,string_quick3,84958,21702
6,almost,1200,msd_plain,345166,5900
6,almost,1200,msd_switch,187458,16351
6,random,1300,quick_std,450042,199801
6,random,1300,merge_std,1049792,16097
6,random,1300,merge_lcp,1122583,10858
6,random,1300,string_quick3,162000,23481
6,random,1300,msd_plain,362500,5738
6,random,1300,msd_switch,201458,10842
6,reverse,1300,quick_std,276208,182106
6,reverse,1300,merge_std,899125,10280
6,reverse,1300,merge_lcp,984209,4868
6,reverse,1300,string_quick3,85666,22305
6,reverse,1300,msd_plain,373709,6356
6,reverse,1300,msd_switch,197667,13360
6,almost,1300,quick_std,349583,196448
6,almost,1300,merge_std,868292,15289
6,almost,1300,merge_lcp,890792,5526
6,almost,1300,string_quick3,95708,24628
6,almost,1300,msd_plain,372417,6374
6,almost,1300,msd_switch,204625,18410
6,random,1400,quick_std,460541,218691
6,random,1400,merge_std,1235834,17629
6,random,1400,merge_lcp,1138958,11772
6,random,1400,string_quick3,153542,26614
6,random,1400,msd_plain,383500,6234
6,random,1400,msd_switch,219083,11963
6,reverse,1400,quick_std,308833,203989
6,reverse,1400,merge_std,971250,11191
6,reverse,1400,merge_lcp,1089417,5246
6,reverse,1400,string_quick3,93958,24741
6,reverse,1400,msd_plain,399041,6826
6,reverse,1400,msd_switch,212209,14349
6,almost,1400,quick_std,368416,210758
6,almost,1400,merge_std,962458,16692
6,almost,1400,merge_lcp,1057042,5951
6,almost,1400,string_quick3,103417,25265
6,almost,1400,msd_plain,402709,6856
6,almost,1400,msd_switch,225500,19520
6,random,1500,quick_std,501833,237436
6,random,1500,merge_std,1267583,19183
6,random,1500,merge_lcp,1217708,12708
6,random,1500,string_quick3,156084,26266
6,random,1500,msd_plain,384250,6716
6,random,1500,msd_switch,234459,13163
6,reverse,1500,quick_std,344875,226908
6,reverse,1500,merge_std,1043750,12123
6,reverse,1500,merge_lcp,1248375,5618
6,reverse,1500,string_quick3,98708,26785
6,reverse,1500,msd_plain,470041,7296
6,reverse,1500,msd_switch,243500,15292
6,almost,1500,quick_std,398875,227095
6,almost,1500,merge_std,1039792,18080
6,almost,1500,merge_lcp,1030167,6414
6,almost,1500,string_quick3,109875,26826
6,almost,1500,msd_plain,454833,7344
6,almost,1500,msd_switch,262291,21089
6,random,1600,quick_std,531792,251851
6,random,1600,merge_std,1290667,20741
6,random,1600,merge_lcp,1356667,13706
6,random,1600,string_quick3,167583,27171
6,random,1600,msd_plain,416292,7208
6,random,1600,msd_switch,251458,14216
6,reverse,1600,quick_std,351958,233911
6,reverse,1600,merge_std,1237375,12991
6,reverse,1600,merge_lcp,1209625,5996
6,reverse,1600,string_quick3,124500,28374
6,reverse,1600,msd_plain,464834,7778
6,reverse,1600,msd_switch,240709,16351
6,almost,1600,quick_std,448750,243893
6,almost,1600,merge_std,1071083,19101
6,almost,1600,merge_lcp,1166667,6820
6,almost,1600,string_quick3,121917,30337
6,almost,1600,msd_plain,455500,7834
6,almost,1600,msd_switch,250500,22275
6,random,1700,quick_std,595417,267696
6,random,1700,merge_std,1426959,22339
6,random,1700,merge_lcp,1419416,14676
6,random,1700,string_quick3,181417,30493
6,random,1700,msd_plain,447833,7698
6,random,1700,msd_switch,272083,15574
6,reverse,1700,quick_std,354458,231953
6,reverse,1700,merge_std,1194625,13794
6,reverse,1700,merge_lcp,1285250,6412
6,reverse,1700,string_quick3,111666,30542
6,reverse,1700,msd_plain,484250,8248
6,reverse,1700,msd_switch,285834,17373
6,almost,1700,quick_std,447250,257535
6,almost,1700,merge_std,1151833,20373
6,almost,1700,merge_lcp,1179000,7282
6,almost,1700,string_quick3,131833,32591
6,almost,1700,msd_plain,488291,8312
6,almost,1700,msd_switch,269125,23468
6,random,1800,quick_std,606334,288416
6,random,1800,merge_std,1528083,23948
6,random,1800,merge_lcp,1518333,15664
6,random,1800,string_quick3,195416,33286
6,random,1800,msd_plain,496250,8174
6,random,1800,msd_switch,286125,16809
6,reverse,1800,quick_std,363500,238982
6,reverse,1800,merge_std,1263084,14939
6,reverse,1800,merge_lcp,1365292,6781
6,reverse,1800,string_quick3,136333,32441
6,reverse,1800,msd_plain,539917,8760
6,reverse,1800,msd_switch,275416,18425
6,almost,1800,quick_std,488166,280723
6,almost,1800,merge_std,1240750,21824
6,almost,1800,merge_lcp,1277958,7809
6,almost,1800,string_quick3,142959,35245
6,almost,1800,msd_plain,521917,8802
6,almost,1800,msd_switch,282041,24700
6,random,1900,quick_std,695375,305119
6,random,1900,merge_std,1564292,25589
6,random,1900,merge_lcp,1606292,16591
6,random,1900,string_quick3,206750,34716
6,random,1900,msd_plain,507333,8682
6,random,1900,msd_switch,307375,17986
6,reverse,1900,quick_std,363042,237131
6,reverse,1900,merge_std,1390792,15840
6,reverse,1900,merge_lcp,1434083,7171
6,reverse,1900,string_quick3,128875,34429
6,reverse,1900,msd_plain,543375,9244
6,reverse,1900,msd_switch,288541,19509
6,almost,1900,quick_std,510000,290016
6,almost,1900,merge_std,1312833,23162
6,almost,1900,merge_lcp,1360542,8228
6,almost,1900,string_quick3,162500,41351
6,almost,1900,msd_plain,553417,9268
6,almost,1900,msd_switch,301083,26154
6,random,2000,quick_std,668209,313283
6,random,2000,merge_std,1641625,27207
6,random,2000,merge_lcp,1785875,17555
6,random,2000,string_quick3,215167,36343
6,random,2000,msd_plain,575583,9214
6,random,2000,msd_switch,319208,19281
6,reverse,2000,quick_std,364792,236900
6,reverse,2000,merge_std,1418667,17051
6,reverse,2000,merge_lcp,1495458,7545
6,reverse,2000,string_quick3,132708,36164
6,reverse,2000,msd_plain,563958,9734
6,reverse,2000,msd_switch,301084,20491
6,almost,2000,quick_std,540125,311900
6,almost,2000,merge_std,1523958,23780
6,almost,2000,merge_lcp,1494417,8603
6,almost,2000,string_quick3,163916,45877
6,almost,2000,msd_plain,588875,9770
6,almost,2000,msd_switch,318167,27670
6,random,2100,quick_std,713666,333841
6,random,2100,merge_std,1876000,28817
6,random,2100,merge_lcp,1895958,18823
6,random,2100,string_quick3,231792,38145
6,random,2100,msd_plain,587084,9702
6,random,2100,msd_switch,347458,19976
6,reverse,2100,quick_std,382958,249866
6,reverse,2100,merge_std,1559750,17877
6,reverse,2100,merge_lcp,1681500,7933
6,reverse,2100,string_quick3,142625,38985
6,reverse,2100,msd_plain,610583,10202
6,reverse,2100,msd_switch,320500,21500
6,almost,2100,quick_std,560833,322272
6,almost,2100,merge_std,1463083,25367
6,almost,2100,merge_lcp,1568833,9086
6,almost,2100,string_quick3,223542,45954
6,almost,2100,msd_plain,595125,10248
6,almost,2100,msd_switch,328208,29135
6,random,2200,quick_std,735042,344221
6,random,2200,merge_std,1846584,30596
6,random,2200,merge_lcp,1953500,20057
6,random,2200,string_quick3,243916,40308
6,random,2200,msd_plain,593417,10194
6,random,2200,msd_switch,438167,21366
6,reverse,2200,quick_std,424709,273128
6,reverse,2200,merge_std,1610958,18567
6,reverse,2200,merge_lcp,1712500,8321
6,reverse,2200,string_quick3,148041,40813
6,reverse,2200,msd_plain,726875,10678
6,reverse,2200,msd_switch,331542,22491
6,almost,2200,quick_std,583958,335253
6,almost,2200,merge_std,1543625,26695
6,almost,2200,merge_lcp,1640041,9556
6,almost,2200,string_quick3,180125,52116
6,almost,2200,msd_plain,638333,10744
6,almost,2200,msd_switch,341166,30375
6,random,2300,quick_std,792833,375947
6,random,2300,merge_std,1921583,32276
6,random,2300,merge_lcp,2016708,21102
6,random,2300,string_quick3,251917,40360
6,random,2300,msd_plain,617583,10732
6,random,2300,msd_switch,369500,22682
6,reverse,2300,quick_std,452875,296697
6,reverse,2300,merge_std,1774292,19356
6,reverse,2300,merge_lcp,1832625,8715
6,reverse,2300,string_quick3,155666,43415
6,reverse,2300,msd_plain,658042,11168
6,reverse,2300,msd_switch,345750,23577
6,almost,2300,quick_std,722916,356116
6,almost,2300,merge_std,1632916,28493
6,almost,2300,merge_lcp,1706167,10134
6,almost,2300,string_quick3,186667,53509
6,almost,2300,msd_plain,662292,11218
6,almost,2300,msd_switch,360541,31436
6,random,2400,quick_std,814833,378478
6,random,2400,merge_std,2167875,34033
6,random,2400,merge_lcp,2142833,22151
6,random,2400,string_quick3,268333,42438
6,random,2400,msd_plain,641833,11258
6,random,2400,msd_switch,390208,23769
6,reverse,2400,quick_std,485375,319232
6,reverse,2400,merge_std,1723292,20074
6,reverse,2400,merge_lcp,1865291,9083
6,reverse,2400,string_quick3,162166,45167
6,reverse,2400,msd_plain,730375,11664
6,reverse,2400,msd_switch,367500,24647
6,almost,2400,quick_std,649292,368213
6,almost,2400,merge_std,1848209,29972
6,almost,2400,merge_lcp,1755375,10629
6,almost,2400,string_quick3,197500,56589
6,almost,2400,msd_plain,681875,11694
6,almost,2400,msd_switch,373833,32629
6,random,2500,quick_std,842958,393635
6,random,2500,merge_std,2140958,35783
6,random,2500,merge_lcp,2264167,23154
6,random,2500,string_quick3,302916,51804
6,random,2500,msd_plain,687291,11760
6,random,2500,msd_switch,413834,25258
6,reverse,2500,quick_std,519292,340828
6,reverse,2500,merge_std,1944417,21064
6,reverse,2500,merge_lcp,1993750,9466
6,reverse,2500,string_quick3,200542,48967
6,reverse,2500,msd_plain,735709,12166
6,reverse,2500,msd_switch,380541,25713
6,almost,2500,quick_std,672958,385461
6,almost,2500,merge_std,1870792,31295
6,almost,2500,merge_lcp,1880334,11145
6,almost,2500,string_quick3,241916,62435
6,almost,2500,msd_plain,738084,12168
6,almost,2500,msd_switch,395750,34140
6,random,2600,quick_std,875458,402814
6,random,2600,merge_std,2335125,37513
6,random,2600,merge_lcp,2378500,24146
6,random,2600,string_quick3,302125,51231
6,random,2600,msd_plain,714791,12260
6,random,2600,msd_switch,431125,26547
6,reverse,2600,quick_std,553083,359596
6,reverse,2600,merge_std,1930708,21977
6,reverse,2600,merge_lcp,2121959,9831
6,reverse,2600,string_quick3,186042,52914
6,reverse,2600,msd_plain,742625,12646
6,reverse,2600,msd_switch,398084,26691
6,almost,2600,quick_std,711667,410024
6,almost,2600,merge_std,1892291,32248
6,almost,2600,merge_lcp,2007333,11610
6,almost,2600,string_quick3,220208,61458
6,almost,2600,msd_plain,756459,12664
6,almost,2600,msd_switch,410458,35710
6,random,2700,quick_std,918584,428558
6,random,2700,merge_std,2390250,39259
6,random,2700,merge_lcp,2369542,25124
6,random,2700,string_quick3,303084,49552
6,random,2700,msd_plain,741250,12818
6,random,2700,msd_switch,443000,27946
6,reverse,2700,quick_std,582708,382411
6,reverse,2700,merge_std,2074042,22899
6,reverse,2700,merge_lcp,2136291,10207
6,reverse,2700,string_quick3,192750,55496
6,reverse,2700,msd_plain,767583,13122
6,reverse,2700,msd_switch,408375,27789
6,almost,2700,quick_std,776375,419594
6,almost,2700,merge_std,1911792,33743
6,almost,2700,merge_lcp,1989958,12044
6,almost,2700,string_quick3,228125,66311
6,almost,2700,msd_plain,776667,13158
6,almost,2700,msd_switch,467917,36859
6,random,2800,quick_std,953584,439941
6,random,2800,merge_std,2458250,41023
6,random,2800,merge_lcp,2503875,26090
6,random,2800,string_quick3,317583,52318
6,random,2800,msd_plain,778833,13356
6,random,2800,msd_switch,465834,29315
6,reverse,2800,quick_std,618458,409434
6,reverse,2800,merge_std,2230000,23803
6,reverse,2800,merge_lcp,2252125,10582
6,reverse,2800,string_quick3,232417,56154
6,reverse,2800,msd_plain,798708,13620
6,reverse,2800,msd_switch,426125,28766
6,almost,2800,quick_std,835875,442182
6,almost,2800,merge_std,2142750,34806
6,almost,2800,merge_lcp,2131750,12488
6,almost,2800,string_quick3,232750,69893
6,almost,2800,msd_plain,832000,13666
6,almost,2800,msd_switch,445500,37920
6,random,2900,quick_std,1111958,464426
6,random,2900,merge_std,2581042,42814
6,random,2900,merge_lcp,2640708,27066
6,random,2900,string_quick3,336083,59246
6,random,2900,msd_plain,813834,13884
6,random,2900,msd_switch,515375,30554
6,reverse,2900,quick_std,882125,426381
6,reverse,2900,merge_std,2369625,24804
6,reverse,2900,merge_lcp,2376583,10960
6,reverse,2900,string_quick3,280250,58042
6,reverse,2900,msd_plain,829208,14096
6,reverse,2900,msd_switch,441125,29678
6,almost,2900,quick_std,777667,430897
6,almost,2900,merge_std,2138000,36557
6,almost,2900,merge_lcp,2208084,13011
6,almost,2900,string_quick3,239208,69009
6,almost,2900,msd_plain,849667,14158
6,almost,2900,msd_switch,459209,38995
6,random,3000,quick_std,1132083,477895
6,random,3000,merge_std,2688750,44527
6,random,3000,merge_lcp,2788375,28062
6,random,3000,string_quick3,347292,57617
6,random,3000,msd_plain,897208,14426
6,random,3000,msd_switch,502125,31610
6,reverse,3000,quick_std,683417,454428
6,reverse,3000,merge_std,2409875,25759
6,reverse,3000,merge_lcp,2509958,11355
6,reverse,3000,string_quick3,213500,61428
6,reverse,3000,msd_plain,889791,14588
6,reverse,3000,msd_switch,466375,30716
6,almost,3000,quick_std,691542,454595
6,almost,3000,merge_std,2137250,37481
6,almost,3000,merge_lcp,2261375,13431
6,almost,3000,string_quick3,234042,67234
6,almost,3000,msd_plain,878417,14634
6,almost,3000,msd_switch,476833,40342
7,random,100,quick_std,30083,14874
7,random,100,merge_std,57125,608
7,random,100,merge_lcp,57916,513
7,random,100,string_quick3,8042,1215
7,random,100,msd_plain,23708,360
7,random,100,msd_switch,13542,386
7,reverse,100,quick_std,22333,13785
7,reverse,100,merge_std,54083,636
7,reverse,100,merge_lcp,58750,362
7,reverse,100,string_quick3,6125,1596
7,reverse,100,msd_plain,30458,508
7,reverse,100,msd_switch,16500,1046
7,almost,100,quick_std,27416,14498
7,almost,100,merge_std,44167,800
7,almost,100,merge_lcp,43750,368
7,almost,100,string_quick3,6000,1344
7,almost,100,msd_plain,26000,478
7,almost,100,msd_switch,13667,1340
7,random,200,quick_std,62084,31192
7,random,200,merge_std,126292,1502
7,random,200,merge_lcp,129125,1179
7,random,200,string_quick3,17167,2388
7,random,200,msd_plain,46500,774
7,random,200,msd_switch,26000,905
7,reverse,200,quick_std,45167,29400
7,reverse,200,merge_std,114166,1358
7,reverse,200,merge_lcp,118791,740
7,reverse,200,string_quick3,12042,3016
7,reverse,200,msd_plain,58250,994
7,reverse,200,msd_switch,31250,2071
7,almost,200,quick_std,54500,28318
7,almost,200,merge_std,99417,1817
7,almost,200,merge_lcp,98791,776
7,almost,200,string_quick3,12208,2765
7,almost,200,msd_plain,55500,960
7,almost,200,msd_switch,31625,2885
7,random,300,quick_std,93000,46132
7,random,300,merge_std,197750,2520
7,random,300,merge_lcp,215250,1921
7,random,300,string_quick3,29584,3829
7,random,300,msd_plain,83125,1224
7,random,300,msd_switch,41042,1587
7,reverse,300,quick_std,69750,38593
7,reverse,300,merge_std,179916,2036
7,reverse,300,merge_lcp,217958,1135
7,reverse,300,string_quick3,18542,4600
7,reverse,300,msd_plain,103333,1454
7,reverse,300,msd_switch,46208,3072
7,almost,300,quick_std,81583,45692
7,almost,300,merge_std,157834,2881
7,almost,300,merge_lcp,157667,1153
7,almost,300,string_quick3,18083,3979
7,almost,300,msd_plain,86791,1452
7,almost,300,msd_switch,47792,4068
7,random,400,quick_std,144334,62849
7,random,400,merge_std,274667,3660
7,random,400,merge_lcp,295792,2697
7,random,400,string_quick3,36792,5842
7,random,400,msd_plain,96542,1644
7,random,400,msd_switch,55875,2320
7,reverse,400,quick_std,87375,57069
7,reverse,400,merge_std,246875,2889
7,reverse,400,merge_lcp,265833,1507
7,reverse,400,string_quick3,26750,6395
7,reverse,400,msd_plain,115666,1948
7,reverse,400,msd_switch,61709,4094
7,almost,400,quick_std,115250,61557
7,almost,400,merge_std,220542,3960
7,almost,400,merge_lcp,231750,1524
7,almost,400,string_quick3,26958,5982
7,almost,400,msd_plain,114292,1926
7,almost,400,msd_switch,62459,5378
7,random,500,quick_std,160166,76266
7,random,500,merge_std,345542,4844
7,random,500,merge_lcp,367500,3482
7,random,500,string_quick3,45666,7206
7,random,500,msd_plain,123875,2060
7,random,500,msd_switch,84416,3215
7,reverse,500,quick_std,89416,58734
7,reverse,500,merge_std,322209,3745
7,reverse,500,merge_lcp,360000,1898
7,reverse,500,string_quick3,30375,8104
7,reverse,500,msd_plain,158458,2426
7,reverse,500,msd_switch,81167,5161
7,almost,500,quick_std,128625,74929
7,almost,500,merge_std,271000,4808
7,almost,500,merge_lcp,284042,1909
7,almost,500,string_quick3,36375,9743
7,almost,500,msd_plain,138916,2368
7,almost,500,msd_switch,77541,6567
7,random,600,quick_std,189416,91516
7,random,600,merge_std,519375,6106
7,random,600,merge_lcp,466125,4387
7,random,600,string_quick3,58125,9168
7,random,600,msd_plain,146041,2502
7,random,600,msd_switch,86250,4105
7,reverse,600,quick_std,121166,78433
7,reverse,600,merge_std,383542,4416
7,reverse,600,merge_lcp,408084,2288
7,reverse,600,string_quick3,40125,10096
7,reverse,600,msd_plain,173417,2922
7,reverse,600,msd_switch,92958,6226
7,almost,600,quick_std,161667,92372
7,almost,600,merge_std,360000,6228
7,almost,600,merge_lcp,370458,2347
7,almost,600,string_quick3,40584,9684
7,almost,600,msd_plain,170875,2862
7,almost,600,msd_switch,96167,7848
7,random,700,quick_std,257458,107923
7,random,700,merge_std,581083,7384
7,random,700,merge_lcp,556834,5219
7,random,700,string_quick3,67709,13259
7,random,700,msd_plain,179958,2952
7,random,700,msd_switch,104917,4977
7,reverse,700,quick_std,162667,102392
7,reverse,700,merge_std,467833,5225
7,reverse,700,merge_lcp,485208,2681
7,reverse,700,string_quick3,43583,11972
7,reverse,700,msd_plain,202084,3420
7,reverse,700,msd_switch,107542,7245
7,almost,700,quick_std,184167,101213
7,almost,700,merge_std,468167,7427
7,almost,700,merge_lcp,442292,2790
7,almost,700,string_quick3,52125,13347
7,almost,700,msd_plain,202291,3330
7,almost,700,msd_switch,110042,9100
7,random,800,quick_std,259084,123909
7,random,800,merge_std,629792,8770
7,random,800,merge_lcp,699167,6088
7,random,800,string_quick3,78167,11979
7,random,800,msd_plain,203417,3412
7,random,800,msd_switch,122667,5813
7,reverse,800,quick_std,176958,116017
7,reverse,800,merge_std,524334,6154
7,reverse,800,merge_lcp,568833,3072
7,reverse,800,string_quick3,50000,13429
7,reverse,800,msd_plain,232875,3912
7,reverse,800,msd_switch,124250,8225
7,almost,800,quick_std,215208,124057
7,almost,800,merge_std,499750,8562
7,almost,800,merge_lcp,505166,3189
7,almost,800,string_quick3,57833,15813
7,almost,800,msd_plain,229958,3822
7,almost,800,msd_switch,128334,10486
7,random,900,quick_std,294666,138048
7,random,900,merge_std,690583,10133
7,random,900,merge_lcp,728292,7015
7,random,900,string_quick3,95875,15140
7,random,900,msd_plain,229584,3882
7,random,900,msd_switch,135667,6870
7,reverse,900,quick_std,179083,116643
7,reverse,900,merge_std,599417,7026
7,reverse,900,merge_lcp,648083,3447
7,reverse,900,string_quick3,83000,15389
7,reverse,900,msd_plain,254625,4368
7,reverse,900,msd_switch,135750,9202
7,almost,900,quick_std,236959,139845
7,almost,900,merge_std,552208,9596
7,almost,900,merge_lcp,570375,3608
7,almost,900,string_quick3,65125,17671
7,almost,900,msd_plain,253375,4296
7,almost,900,msd_switch,143125,11924
7,random,1000,quick_std,326417,156189
7,random,1000,merge_std,753000,11582
7,random,1000,merge_lcp,803583,7869
7,random,1000,string_quick3,100167,15896
7,random,1000,msd_plain,253542,4348
7,random,1000,msd_switch,155291,7817
7,reverse,1000,quick_std,180708,115346
7,reverse,1000,merge_std,670125,8015
7,reverse,1000,merge_lcp,710292,3831
7,reverse,1000,string_quick3,64750,17284
7,reverse,1000,msd_plain,286458,4850
7,reverse,1000,msd_switch,150208,10294
7,almost,1000,quick_std,352708,151825
7,almost,1000,merge_std,658208,10705
7,almost,1000,merge_lcp,637917,4018
7,almost,1000,string_quick3,69958,17791
7,almost,1000,msd_plain,281709,4792
7,almost,1000,msd_switch,158125,13049
7,random,1100,quick_std,385000,172298
7,random,1100,merge_std,833750,13030
7,random,1100,merge_lcp,921583,8961
7,random,1100,string_quick3,118250,18940
7,random,1100,msd_plain,291584,4844
7,random,1100,msd_switch,191625,8821
7,reverse,1100,quick_std,217709,133338
7,reverse,1100,merge_std,801125,8735
7,reverse,1100,merge_lcp,814500,4204
7,reverse,1100,string_quick3,72792,19194
7,reverse,1100,msd_plain,311958,5340
7,reverse,1100,msd_switch,165708,11277
7,almost,1100,quick_std,351000,167012
7,almost,1100,merge_std,690542,12142
7,almost,1100,merge_lcp,735750,4436
7,almost,1100,string_quick3,76625,19253
7,almost,1100,msd_plain,309166,5282
7,almost,1100,msd_switch,171542,14240
7,random,1200,quick_std,392541,183319
7,random,1200,merge_std,973333,14569
7,random,1200,merge_lcp,988500,9961
7,random,1200,string_quick3,121667,19689
7,random,1200,msd_plain,308625,5310
7,random,1200,msd_switch,188667,9963
7,reverse,1200,quick_std,239083,155922
7,reverse,1200,merge_std,809208,9429
7,reverse,1200,merge_lcp,994750,4570
7,reverse,1200,string_quick3,79917,21574
7,reverse,1200,msd_plain,347958,5820
7,reverse,1200,msd_switch,184125,12355
7,almost,1200,quick_std,320917,183069
7,almost,1200,merge_std,782917,13747
7,almost,1200,merge_lcp,809417,4856
7,almost,1200,string_quick3,82333,20594
7,almost,1200,msd_plain,340208,5780
7,almost,1200,msd_switch,185459,15604
7,random,1300,quick_std,423208,197845
7,random,1300,merge_std,1103375,16092
7,random,1300,merge_lcp,1079125,10889
7,random,1300,string_quick3,131917,23089
7,random,1300,msd_plain,337500,5794
7,random,1300,msd_switch,222542,11051
7,reverse,1300,quick_std,272375,176599
7,reverse,1300,merge_std,890916,10296
7,reverse,1300,merge_lcp,973667,4943
7,reverse,1300,string_quick3,87708,23475
7,reverse,1300,msd_plain,373667,6302
7,reverse,1300,msd_switch,201333,13376
7,almost,1300,quick_std,343958,193488
7,almost,1300,merge_std,848042,14976
7,almost,1300,merge_lcp,890417,5341
7,almost,1300,string_quick3,93584,22855
7,almost,1300,msd_plain,372834,6278
7,almost,1300,msd_switch,287791,17394
7,random,1400,quick_std,461125,218635
7,random,1400,merge_std,1106875,17560
7,random,1400,merge_lcp,1191041,11735
7,random,1400,string_quick3,145291,22299
7,random,1400,msd_plain,362750,6286
7,random,1400,msd_switch,250000,12309
7,reverse,1400,quick_std,322375,201263
7,reverse,1400,merge_std,998584,11159
7,reverse,1400,merge_lcp,1029750,5321
7,reverse,1400,string_quick3,109541,25753
7,reverse,1400,msd_plain,406458,6770
7,reverse,1400,msd_switch,212417,14417
7,almost,1400,quick_std,372250,213076
7,almost,1400,merge_std,924833,16250
7,almost,1400,merge_lcp,952083,5762
7,almost,1400,string_quick3,98375,24347
7,almost,1400,msd_plain,407500,6762
7,almost,1400,msd_switch,220666,18540
7,random,1500,quick_std,497458,236376
7,random,1500,merge_std,1310917,19144
7,random,1500,merge_lcp,1253500,12672
7,random,1500,string_quick3,159667,30463
7,random,1500,msd_plain,392375,6758
7,random,1500,msd_switch,237709,13210
7,reverse,1500,quick_std,340125,225994
7,reverse,1500,merge_std,1069291,12171
7,reverse,1500,merge_lcp,1125667,5704
7,reverse,1500,string_quick3,102167,28207
7,reverse,1500,msd_plain,449541,7260
7,reverse,1500,msd_switch,228792,15490
7,almost,1500,quick_std,401833,230520
7,almost,1500,merge_std,1064500,17639
7,almost,1500,merge_lcp,1021125,6186
7,almost,1500,string_quick3,109750,26320
7,almost,1500,msd_plain,431917,7244
7,almost,1500,msd_switch,235458,19997
7,random,1600,quick_std,530375,247752
7,random,1600,merge_std,1284125,20728
7,random,1600,merge_lcp,1346625,13641
7,random,1600,string_quick3,170666,28687
7,random,1600,msd_plain,418458,7238
7,random,1600,msd_switch,268125,14089
7,reverse,1600,quick_std,353292,233382
7,reverse,1600,merge_std,1118834,13064
7,reverse,1600,merge_lcp,1288667,6088
7,reverse,1600,string_quick3,106542,29083
7,reverse,1600,msd_plain,455292,7750
7,reverse,1600,msd_switch,246333,16476
7,almost,1600,quick_std,420417,242609
7,almost,1600,merge_std,1090625,19167
7,almost,1600,merge_lcp,1138667,6709
7,almost,1600,string_quick3,121000,29073
7,almost,1600,msd_plain,455500,7708
7,almost,1600,msd_switch,246625,21410
7,random,1700,quick_std,581334,261542
7,random,1700,merge_std,1479125,22287
7,random,1700,merge_lcp,1450917,14586
7,random,1700,string_quick3,182125,30458
7,random,1700,msd_plain,491458,7730
7,random,1700,msd_switch,271834,15669
7,reverse,1700,quick_std,356584,235304
7,reverse,1700,merge_std,1233625,13872
7,reverse,1700,merge_lcp,1255625,6468
7,reverse,1700,string_quick3,115459,31603
7,reverse,1700,msd_plain,478917,8238
7,reverse,1700,msd_switch,255542,17581
7,almost,1700,quick_std,457958,265491
7,almost,1700,merge_std,1271584,20530
7,almost,1700,merge_lcp,1207334,7180
7,almost,1700,string_quick3,123709,30329
7,almost,1700,msd_plain,490041,8212
7,almost,1700,msd_switch,268041,22727
7,random,1800,quick_std,599167,278579
7,random,1800,merge_std,1491292,23887
7,random,1800,merge_lcp,1528833,15554
7,random,1800,string_quick3,194542,32881
7,random,1800,msd_plain,477125,8234
7,random,1800,msd_switch,291833,16945
7,reverse,1800,quick_std,360583,235327
7,reverse,1800,merge_std,1324375,14939
7,reverse,1800,merge_lcp,1365917,6825
7,reverse,1800,string_quick3,123375,33509
7,reverse,1800,msd_plain,514375,8730
7,reverse,1800,msd_switch,272333,18621
7,almost,1800,quick_std,484375,271001
7,almost,1800,merge_std,1222667,21687
7,almost,1800,merge_lcp,1273709,7710
7,almost,1800,string_quick3,154167,39950
7,almost,1800,msd_plain,531959,8702
7,almost,1800,msd_switch,285542,24243
7,random,1900,quick_std,635500,298354
7,random,1900,merge_std,1579750,25467
7,random,1900,merge_lcp,1609042,16508
7,random,1900,string_quick3,206000,32603
7,random,1900,msd_plain,504958,8712
7,random,1900,msd_switch,326750,18084
7,reverse,1900,quick_std,364000,239454
7,reverse,1900,merge_std,1345000,15940
7,reverse,1900,merge_lcp,1427542,7225
7,reverse,1900,string_quick3,129041,35633
7,reverse,1900,msd_plain,549959,9216
7,reverse,1900,msd_switch,288583,19651
7,almost,1900,quick_std,504917,287274
7,almost,1900,merge_std,1331542,23026
7,almost,1900,merge_lcp,1336292,8106
7,almost,1900,string_quick3,162959,45914
7,almost,1900,msd_plain,542458,9202
7,almost,1900,msd_switch,299625,25961
7,random,2000,quick_std,672958,317849
7,random,2000,merge_std,1743542,27158
7,random,2000,merge_lcp,1760792,17481
7,random,2000,string_quick3,217250,36478
7,random,2000,msd_plain,537334,9246
7,random,2000,msd_switch,323625,19025
7,reverse,2000,quick_std,364500,239108
7,reverse,2000,merge_std,1419083,17028
7,reverse,2000,merge_lcp,1497375,7594
7,reverse,2000,string_quick3,134791,37409
7,reverse,2000,msd_plain,594958,9712
7,reverse,2000,msd_switch,302375,20647
7,almost,2000,quick_std,537875,307785
7,almost,2000,merge_std,1453708,23899
7,almost,2000,merge_lcp,1424583,8557
7,almost,2000,string_quick3,161333,41971
7,almost,2000,msd_plain,570208,9680
7,almost,2000,msd_switch,313000,26811
7,random,2100,quick_std,715417,332039
7,random,2100,merge_std,1753708,28803
7,random,2100,merge_lcp,1914292,18746
7,random,2100,string_quick3,244959,40893
7,random,2100,msd_plain,564625,9722
7,random,2100,msd_switch,340959,20107
7,reverse,2100,quick_std,414125,252257
7,reverse,2100,merge_std,1499250,17993
7,reverse,2100,merge_lcp,1672166,7964
7,reverse,2100,string_quick3,145167,39542
7,reverse,2100,msd_plain,592083,10180
7,reverse,2100,msd_switch,317667,21628
7,almost,2100,quick_std,566209,322153
7,almost,2100,merge_std,1530500,25287
7,almost,2100,merge_lcp,1573750,9118
7,almost,2100,string_quick3,178583,50597
7,almost,2100,msd_plain,602500,10180
7,almost,2100,msd_switch,329208,27857
7,random,2200,quick_std,745416,347590
7,random,2200,merge_std,1874417,30463
7,random,2200,merge_lcp,1979000,19921
7,random,2200,string_quick3,242667,39962
7,random,2200,msd_plain,593292,10210
7,random,2200,msd_switch,357125,21171
7,reverse,2200,quick_std,424334,275720
7,reverse,2200,merge_std,1583083,18625
7,reverse,2200,merge_lcp,1796500,8338
7,reverse,2200,string_quick3,154458,43166
7,reverse,2200,msd_plain,619667,10658
7,reverse,2200,msd_switch,331500,22660
7,almost,2200,quick_std,586583,326727
7,almost,2200,merge_std,1539250,26795
7,almost,2200,merge_lcp,1692167,9593
7,almost,2200,string_quick3,180292,53051
7,almost,2200,msd_plain,628584,10674
7,almost,2200,msd_switch,343250,29258
7,random,2300,quick_std,770041,364362
7,random,2300,merge_std,1903583,32168
7,random,2300,merge_lcp,2151417,20905
7,random,2300,string_quick3,276708,45522
7,random,2300,msd_plain,652708,10780
7,random,2300,msd_switch,372083,22627
7,reverse,2300,quick_std,456334,300055
7,reverse,2300,merge_std,1665083,19403
7,reverse,2300,merge_lcp,1844667,8721
7,reverse,2300,string_quick3,160375,44242
7,reverse,2300,msd_plain,654583,11116
7,reverse,2300,msd_switch,350084,23710
7,almost,2300,quick_std,624834,354954
7,almost,2300,merge_std,1626292,28887
7,almost,2300,merge_lcp,1707375,10082
7,almost,2300,string_quick3,202458,51429
7,almost,2300,msd_plain,718042,11148
7,almost,2300,msd_switch,356208,30686
7,random,2400,quick_std,803917,370386
7,random,2400,merge_std,2012042,33950
7,random,2400,merge_lcp,2159833,21929
7,random,2400,string_quick3,270583,43992
7,random,2400,msd_plain,673333,11340
7,random,2400,msd_switch,394042,23971
7,reverse,2400,quick_std,507500,319231
7,reverse,2400,merge_std,1752291,20186
7,reverse,2400,merge_lcp,1905666,9105
7,reverse,2400,string_quick3,178416,46069
7,reverse,2400,msd_plain,686917,11606
7,reverse,2400,msd_switch,365833,24762
7,almost,2400,quick_std,644791,364942
7,almost,2400,merge_std,1739167,30272
7,almost,2400,merge_lcp,1785458,10558
7,almost,2400,string_quick3,196083,56635
7,almost,2400,msd_plain,705708,11654
7,almost,2400,msd_switch,374458,31825
7,random,2500,quick_std,853250,400389
7,random,2500,merge_std,2093750,35666
7,random,2500,merge_lcp,2244792,22919
7,random,2500,string_quick3,282292,45180
7,random,2500,msd_plain,710625,11858
7,random,2500,msd_switch,412834,25208
7,reverse,2500,quick_std,541125,342179
7,reverse,2500,merge_std,1849583,20994
7,reverse,2500,merge_lcp,2017834,9459
7,reverse,2500,string_quick3,172791,48337
7,reverse,2500,msd_plain,717250,12076
7,reverse,2500,msd_switch,381042,25693
7,almost,2500,quick_std,693166,393775
7,almost,2500,merge_std,1808708,31625
7,almost,2500,merge_lcp,1920083,11045
7,almost,2500,string_quick3,208834,58837
7,almost,2500,msd_plain,727916,12118
7,almost,2500,msd_switch,395917,33201
7,random,2600,quick_std,882584,410368
7,random,2600,merge_std,2188250,37470
7,random,2600,merge_lcp,2447833,23961
7,random,2600,string_quick3,295167,51111
7,random,2600,msd_plain,723042,12382
7,random,2600,msd_switch,422417,26364
7,reverse,2600,quick_std,556375,365295
7,reverse,2600,merge_std,1946000,21897
7,reverse,2600,merge_lcp,2027000,9827
7,reverse,2600,string_quick3,180792,51333
7,reverse,2600,msd_plain,735333,12572
7,reverse,2600,msd_switch,391875,26757
7,almost,2600,quick_std,709166,398109
7,almost,2600,merge_std,1879542,32999
7,almost,2600,merge_lcp,1933291,11583
7,almost,2600,string_quick3,221750,64048
7,almost,2600,msd_plain,739459,12604
7,almost,2600,msd_switch,406125,34546
7,random,2700,quick_std,902541,418336
7,random,2700,merge_std,2436042,39153
7,random,2700,merge_lcp,2425792,24924
7,random,2700,string_quick3,309500,50790
7,random,2700,msd_plain,774625,12954
7,random,2700,msd_switch,450291,27897
7,reverse,2700,quick_std,610667,389034
7,reverse,2700,merge_std,2011833,22790
7,reverse,2700,merge_lcp,2154459,10196
7,reverse,2700,string_quick3,191709,55432
7,reverse,2700,msd_plain,777625,13062
7,reverse,2700,msd_switch,410459,27694
7,almost,2700,quick_std,729500,405822
7,almost,2700,merge_std,1983000,34423
7,almost,2700,merge_lcp,2046875,11991
7,almost,2700,string_quick3,217959,62297
7,almost,2700,msd_plain,789208,13072
7,almost,2700,msd_switch,437375,35654
7,random,2800,quick_std,953417,438759
7,random,2800,merge_std,2514334,40911
7,random,2800,merge_lcp,2523459,25914
7,random,2800,string_quick3,320834,56271
7,random,2800,msd_plain,795208,13464
7,random,2800,msd_switch,470333,29026
7,reverse,2800,quick_std,620959,409163
7,reverse,2800,merge_std,2096417,23707
7,reverse,2800,merge_lcp,2215000,10576
7,reverse,2800,string_quick3,197667,56848
7,reverse,2800,msd_plain,808166,13542
7,reverse,2800,msd_switch,423875,28720
7,almost,2800,quick_std,724667,427738
7,almost,2800,merge_std,2041583,35658
7,almost,2800,merge_lcp,2089708,12513
7,almost,2800,string_quick3,204791,52699
7,almost,2800,msd_plain,824125,13560
7,almost,2800,msd_switch,439916,36939
7,random,2900,quick_std,981542,454560
7,random,2900,merge_std,2576458,42693
7,random,2900,merge_lcp,2590542,26901
7,random,2900,string_quick3,331750,51629
7,random,2900,msd_plain,829708,14030
7,random,2900,msd_switch,494208,30834
7,reverse,2900,quick_std,659667,436817
7,reverse,2900,merge_std,2199917,24646
7,reverse,2900,merge_lcp,2292542,10955
7,reverse,2900,string_quick3,205750,59466
7,reverse,2900,msd_plain,825417,14000
7,reverse,2900,msd_switch,439333,29647
7,almost,2900,quick_std,755500,449639
7,almost,2900,merge_std,2109083,37125
7,almost,2900,merge_lcp,2159750,12990
7,almost,2900,string_quick3,227167,61037
7,almost,2900,msd_plain,839625,14054
7,almost,2900,msd_switch,455917,38514
7,random,3000,quick_std,1022959,478116
7,random,3000,merge_std,2675625,44422
7,random,3000,merge_lcp,2728375,27886
7,random,3000,string_quick3,337542,56898
7,random,3000,msd_plain,864292,14604
7,random,3000,msd_switch,503166,31809
7,reverse,3000,quick_std,695125,459590
7,reverse,3000,merge_std,2341500,25745
7,reverse,3000,merge_lcp,2370166,11335
7,reverse,3000,string_quick3,212625,61648
7,reverse,3000,msd_plain,850000,14514
7,reverse,3000,msd_switch,455416,30727
7,almost,3000,quick_std,717500,449079
7,almost,3000,merge_std,2163375,37881
7,almost,3000,merge_lcp,2206834,13469
7,almost,3000,string_quick3,242834,69979
7,almost,3000,msd_plain,887166,14562
7,almost,3000,msd_switch,471709,40180
8,random,100,quick_std,29709,14741
8,random,100,merge_std,58959,600
8,random,100,merge_lcp,60125,502
8,random,100,string_quick3,7458,1115
8,random,100,msd_plain,24750,352
8,random,100,msd_switch,13125,360
8,reverse,100,quick_std,22083,13519
8,reverse,100,merge_std,55917,587
8,reverse,100,merge_lcp,57750,348
8,reverse,100,string_quick3,6000,1169
8,reverse,100,msd_plain,28333,474
8,reverse,100,msd_switch,15583,980
8,almost,100,quick_std,26250,13827
8,almost,100,merge_std,40375,759
8,almost,100,merge_lcp,39417,381
8,almost,100,string_quick3,5791,1271
8,almost,100,msd_plain,26125,484
8,almost,100,msd_switch,12416,1172
8,random,200,quick_std,60292,29024
8,random,200,merge_std,127583,1478
8,random,200,merge_lcp,132292,1145
8,random,200,string_quick3,16000,2297
8,random,200,msd_plain,50375,780
8,random,200,msd_switch,26333,945
8,reverse,200,quick_std,43958,28785
8,reverse,200,merge_std,117209,1310
8,reverse,200,merge_lcp,117708,718
8,reverse,200,string_quick3,12083,3019
8,reverse,200,msd_plain,56375,978
8,reverse,200,msd_switch,30625,2080
8,almost,200,quick_std,55250,31046
8,almost,200,merge_std,93250,1749
8,almost,200,merge_lcp,87958,760
8,almost,200,string_quick3,11667,3147
8,almost,200,msd_plain,56208,964
8,almost,200,msd_switch,29084,2541
8,random,300,quick_std,92250,45053
8,random,300,merge_std,201833,2483
8,random,300,merge_lcp,209333,1885
8,random,300,string_quick3,24833,4223
8,random,300,msd_plain,74875,1214
8,random,300,msd_switch,40375,1634
8,reverse,300,quick_std,61542,40881
8,reverse,300,merge_std,180458,2018
8,reverse,300,merge_lcp,193417,1081
8,reverse,300,string_quick3,18000,4351
8,reverse,300,msd_plain,87250,1478
8,reverse,300,msd_switch,45750,3091
8,almost,300,quick_std,79584,44015
8,almost,300,merge_std,166584,2804
8,almost,300,merge_lcp,152250,1117
8,almost,300,string_quick3,18750,4645
8,almost,300,msd_plain,83333,1434
8,almost,300,msd_switch,47000,3554
8,random,400,quick_std,127334,62978
8,random,400,merge_std,282916,3606
8,random,400,merge_lcp,388625,2650
8,random,400,string_quick3,35667,5233
8,random,400,msd_plain,99417,1632
8,random,400,msd_switch,56625,2353
8,reverse,400,quick_std,87791,57933
8,reverse,400,merge_std,246917,2826
8,reverse,400,merge_lcp,264125,1490
8,reverse,400,string_quick3,23750,5998
8,reverse,400,msd_plain,114667,1952
8,reverse,400,msd_switch,61583,4181
8,almost,400,quick_std,107458,61011
8,almost,400,merge_std,213000,3953
8,almost,400,merge_lcp,211250,1510
8,almost,400,string_quick3,24917,5617
8,almost,400,msd_plain,111250,1910
8,almost,400,msd_switch,62084,4808
8,random,500,quick_std,155291,75541
8,random,500,merge_std,350500,4824
8,random,500,merge_lcp,384042,3459
8,random,500,string_quick3,47458,7341
8,random,500,msd_plain,118750,2042
8,random,500,msd_switch,72417,3101
8,reverse,500,quick_std,90000,57513
8,reverse,500,merge_std,319584,3731
8,reverse,500,merge_lcp,340959,1874
8,reverse,500,string_quick3,32583,8732
8,reverse,500,msd_plain,143875,2426
8,reverse,500,msd_switch,76583,5314
8,almost,500,quick_std,131792,75134
8,almost,500,merge_std,267541,4881
8,almost,500,merge_lcp,297792,1899
8,almost,500,string_quick3,34834,8314
8,almost,500,msd_plain,146542,2356
8,almost,500,msd_switch,77500,6172
8,random,600,quick_std,192000,92821
8,random,600,merge_std,431250,6073
8,random,600,merge_lcp,458875,4333
8,random,600,string_quick3,55375,9157
8,random,600,msd_plain,143083,2478
8,random,600,msd_switch,87375,3993
8,reverse,600,quick_std,118375,77574
8,reverse,600,merge_std,392875,4384
8,reverse,600,merge_lcp,430791,2236
8,reverse,600,string_quick3,38333,10302
8,reverse,600,msd_plain,174292,2920
8,reverse,600,msd_switch,93542,6296
8,almost,600,quick_std,156459,87783
8,almost,600,merge_std,338875,6268
8,almost,600,merge_lcp,350666,2315
8,almost,600,string_quick3,39000,9064
8,almost,600,msd_plain,165000,2832
8,almost,600,msd_switch,92417,7296
8,random,700,quick_std,221917,105384
8,random,700,merge_std,512625,7402
8,random,700,merge_lcp,537417,5176
8,random,700,string_quick3,66250,12636
8,random,700,msd_plain,191500,2920
8,random,700,msd_switch,106250,4959
8,reverse,700,quick_std,153416,100822
8,reverse,700,merge_std,462959,5234
8,reverse,700,merge_lcp,491250,2635
8,reverse,700,string_quick3,44500,11617
8,reverse,700,msd_plain,202125,3408
8,reverse,700,msd_switch,107250,7293
8,almost,700,quick_std,185791,104187
8,almost,700,merge_std,410292,7517
8,almost,700,merge_lcp,412791,2740
8,almost,700,string_quick3,48792,12046
8,almost,700,msd_plain,194042,3330
8,almost,700,msd_switch,109708,8473
8,random,800,quick_std,255875,121714
8,random,800,merge_std,593458,8713
8,random,800,merge_lcp,622083,6040
8,random,800,string_quick3,79667,12642
8,random,800,msd_plain,198875,3356
8,random,800,msd_switch,122959,5868
8,reverse,800,quick_std,178958,117147
8,reverse,800,merge_std,581458,6130
8,reverse,800,merge_lcp,589334,3002
8,reverse,800,string_quick3,50125,13472
8,reverse,800,msd_plain,230875,3890
8,reverse,800,msd_switch,125959,8338
8,almost,800,quick_std,215375,122832
8,almost,800,merge_std,478500,8853
8,almost,800,merge_lcp,484000,3174
8,almost,800,string_quick3,59458,15786
8,almost,800,msd_plain,223500,3806
8,almost,800,msd_switch,124250,9954
8,random,900,quick_std,292459,140874
8,random,900,merge_std,669458,10085
8,random,900,merge_lcp,694542,6930
8,random,900,string_quick3,89167,14956
8,random,900,msd_plain,224333,3828
8,random,900,msd_switch,139917,6734
8,reverse,900,quick_std,178917,116672
8,reverse,900,merge_std,629291,7026
8,reverse,900,merge_lcp,658500,3367
8,reverse,900,string_quick3,56417,15299
8,reverse,900,msd_plain,258708,4398
8,reverse,900,msd_switch,139958,9401
8,almost,900,quick_std,238375,137213
8,almost,900,merge_std,536666,9908
8,almost,900,merge_lcp,546750,3602
8,almost,900,string_quick3,63833,15078
8,almost,900,msd_plain,249833,4280
8,almost,900,msd_switch,139292,11024
8,random,1000,quick_std,320958,155624
8,random,1000,merge_std,750000,11567
8,random,1000,merge_lcp,782208,7820
8,random,1000,string_quick3,103750,18437
8,random,1000,msd_plain,252583,4276
8,random,1000,msd_switch,155542,7857
8,reverse,1000,quick_std,181667,116093
8,reverse,1000,merge_std,697834,8068
8,reverse,1000,merge_lcp,713792,3776
8,reverse,1000,string_quick3,64042,17865
8,reverse,1000,msd_plain,289792,4876
8,reverse,1000,msd_switch,156417,10468
8,almost,1000,quick_std,267625,154249
8,almost,1000,merge_std,606791,10989
8,almost,1000,merge_lcp,616333,4017
8,almost,1000,string_quick3,74209,18914
8,almost,1000,msd_plain,277792,4764
8,almost,1000,msd_switch,155208,12892
8,random,1100,quick_std,362167,173882
8,random,1100,merge_std,838042,12990
8,random,1100,merge_lcp,943333,8933
8,random,1100,string_quick3,105959,20145
8,random,1100,msd_plain,280250,4760
8,random,1100,msd_switch,171125,8914
8,reverse,1100,quick_std,210209,137846
8,reverse,1100,merge_std,744291,8744
8,reverse,1100,merge_lcp,828167,4141
8,reverse,1100,string_quick3,72000,20139
8,reverse,1100,msd_plain,314917,5354
8,reverse,1100,msd_switch,168583,11430
8,almost,1100,quick_std,292375,169473
8,almost,1100,merge_std,688416,12435
8,almost,1100,merge_lcp,717917,4480
8,almost,1100,string_quick3,154458,18902
8,almost,1100,msd_plain,325542,5260
8,almost,1100,msd_switch,168708,13688
8,random,1200,quick_std,389292,182753
8,random,1200,merge_std,918208,14469
8,random,1200,merge_lcp,983459,9899
8,random,1200,string_quick3,123542,21828
8,random,1200,msd_plain,304917,5238
8,random,1200,msd_switch,186625,9709
8,reverse,1200,quick_std,242167,159835
8,reverse,1200,merge_std,813125,9452
8,reverse,1200,merge_lcp,892875,4530
8,reverse,1200,string_quick3,78917,21941
8,reverse,1200,msd_plain,344083,5834
8,reverse,1200,msd_switch,183042,12392
8,almost,1200,quick_std,349167,181046
8,almost,1200,merge_std,866083,14028
8,almost,1200,merge_lcp,785666,4923
8,almost,1200,string_quick3,84500,20413
8,almost,1200,msd_plain,336166,5742
8,almost,1200,msd_switch,184250,15081
8,random,1300,quick_std,444375,202468
8,random,1300,merge_std,1056417,15992
8,random,1300,merge_lcp,1059709,10877
8,random,1300,string_quick3,131708,21864
8,random,1300,msd_plain,335292,5730
8,random,1300,msd_switch,204500,10968
8,reverse,1300,quick_std,293292,181930
8,reverse,1300,merge_std,900500,10380
8,reverse,1300,merge_lcp,967125,4914
8,reverse,1300,string_quick3,89125,23303
8,reverse,1300,msd_plain,369583,6302
8,reverse,1300,msd_switch,199542,13358
8,almost,1300,quick_std,345042,196786
8,almost,1300,merge_std,835459,15406
8,almost,1300,merge_lcp,860167,5351
8,almost,1300,string_quick3,94042,23499
8,almost,1300,msd_plain,367292,6240
8,almost,1300,msd_switch,226334,16511
8,random,1400,quick_std,468375,218413
8,random,1400,merge_std,1100709,17558
8,random,1400,merge_lcp,1144917,11777
8,random,1400,string_quick3,143250,24716
8,random,1400,msd_plain,357709,6208
8,random,1400,msd_switch,239083,12119
8,reverse,1400,quick_std,327375,202003
8,reverse,1400,merge_std,985334,11116
8,reverse,1400,merge_lcp,1070333,5303
8,reverse,1400,string_quick3,93000,25360
8,reverse,1400,msd_plain,403166,6790
8,reverse,1400,msd_switch,212583,14300
8,almost,1400,quick_std,372750,211601
8,almost,1400,merge_std,918250,16613
8,almost,1400,merge_lcp,928208,5758
8,almost,1400,string_quick3,101667,25032
8,almost,1400,msd_plain,399458,6730
8,almost,1400,msd_switch,216541,17776
8,random,1500,quick_std,493625,232724
8,random,1500,merge_std,1187917,19079
8,random,1500,merge_lcp,1264125,12697
8,random,1500,string_quick3,156333,28486
8,random,1500,msd_plain,385417,6678
8,random,1500,msd_switch,237292,13191
8,reverse,1500,quick_std,343125,226190
8,reverse,1500,merge_std,1058542,12137
8,reverse,1500,merge_lcp,1139083,5686
8,reverse,1500,string_quick3,101208,28002
8,reverse,1500,msd_plain,426833,7258
8,reverse,1500,msd_switch,227542,15341
8,almost,1500,quick_std,425125,228170
8,almost,1500,merge_std,1022459,18075
8,almost,1500,merge_lcp,1018666,6325
8,almost,1500,string_quick3,107583,26896
8,almost,1500,msd_plain,431708,7232
8,almost,1500,msd_switch,231458,19210
8,random,1600,quick_std,528625,248210
8,random,1600,merge_std,1272958,20631
8,random,1600,merge_lcp,1363292,13708
8,random,1600,string_quick3,175250,31913
8,random,1600,msd_plain,413500,7154
8,random,1600,msd_switch,264084,14358
8,reverse,1600,quick_std,359542,236651
8,reverse,1600,merge_std,1192959,13043
8,reverse,1600,merge_lcp,1218416,6070
8,reverse,1600,string_quick3,105792,29178
8,reverse,1600,msd_plain,464791,7754
8,reverse,1600,msd_switch,250625,16367
8,almost,1600,quick_std,428041,242280
8,almost,1600,merge_std,1071291,19457
8,almost,1600,merge_lcp,1096125,6766
8,almost,1600,string_quick3,117583,27554
8,almost,1600,msd_plain,461792,7710
8,almost,1600,msd_switch,249375,20507
8,random,1700,quick_std,568625,268604
8,random,1700,merge_std,1369166,22251
8,random,1700,merge_lcp,1428583,14689
8,random,1700,string_quick3,180708,28433
8,random,1700,msd_plain,439917,7646
8,random,1700,msd_switch,269084,15351
8,reverse,1700,quick_std,360542,237400
8,reverse,1700,merge_std,1194042,13917
8,reverse,1700,merge_lcp,1276625,6432
8,reverse,1700,string_quick3,112917,30852
8,reverse,1700,msd_plain,490375,8250
8,reverse,1700,msd_switch,261500,17299
8,almost,1700,quick_std,450458,256097
8,almost,1700,merge_std,1182083,20487
8,almost,1700,merge_lcp,1163750,7202
8,almost,1700,string_quick3,133791,33115
8,almost,1700,msd_plain,484667,8176
8,almost,1700,msd_switch,279209,21812
8,random,1800,quick_std,603458,279080
8,random,1800,merge_std,1469458,23830
8,random,1800,merge_lcp,1554084,15668
8,random,1800,string_quick3,193042,29989
8,random,1800,msd_plain,467125,8144
8,random,1800,msd_switch,287709,16590
8,reverse,1800,quick_std,366750,240586
8,reverse,1800,merge_std,1333834,14992
8,reverse,1800,merge_lcp,1371500,6834
8,reverse,1800,string_quick3,119000,32846
8,reverse,1800,msd_plain,506792,8734
8,reverse,1800,msd_switch,272291,18341
8,almost,1800,quick_std,492125,268181
8,almost,1800,merge_std,1223125,21791
8,almost,1800,merge_lcp,1251625,7594
8,almost,1800,string_quick3,147667,36820
8,almost,1800,msd_plain,512625,8666
8,almost,1800,msd_switch,281125,23484
8,random,1900,quick_std,636625,297646
8,random,1900,merge_std,1705375,25501
8,random,1900,merge_lcp,1620792,16584
8,random,1900,string_quick3,203250,34655
8,random,1900,msd_plain,505167,8654
8,random,1900,msd_switch,305042,17869
8,reverse,1900,quick_std,370459,242995
8,reverse,1900,merge_std,1340875,15895
8,reverse,1900,merge_lcp,1488708,7213
8,reverse,1900,string_quick3,219584,35134
8,reverse,1900,msd_plain,541834,9236
8,reverse,1900,msd_switch,288958,19487
8,almost,1900,quick_std,498458,288543
8,almost,1900,merge_std,1297542,22879
8,almost,1900,merge_lcp,1336875,8066
8,almost,1900,string_quick3,149875,40926
8,almost,1900,msd_plain,532416,9174
8,almost,1900,msd_switch,318709,24922
8,random,2000,quick_std,667709,311730
8,random,2000,merge_std,1784042,27131
8,random,2000,merge_lcp,1697083,17574
8,random,2000,string_quick3,217958,37947
8,random,2000,msd_plain,531958,9182
8,random,2000,msd_switch,322875,19224
8,reverse,2000,quick_std,417333,238449
8,reverse,2000,merge_std,1500042,17075
8,reverse,2000,merge_lcp,1515917,7592
8,reverse,2000,string_quick3,139834,37332
8,reverse,2000,msd_plain,567416,9732
8,reverse,2000,msd_switch,304792,20514
8,almost,2000,quick_std,532875,297265
8,almost,2000,merge_std,1368208,24318
8,almost,2000,merge_lcp,1419417,8526
8,almost,2000,string_quick3,168417,47444
8,almost,2000,msd_plain,562916,9658
8,almost,2000,msd_switch,307000,26133
8,random,2100,quick_std,697625,325712
8,random,2100,merge_std,1808208,28754
8,random,2100,merge_lcp,1948125,18991
8,random,2100,string_quick3,232250,37694
8,random,2100,msd_plain,581917,9712
8,random,2100,msd_switch,377083,20446
8,reverse,2100,quick_std,391291,256970
8,reverse,2100,merge_std,1501667,17905
8,reverse,2100,merge_lcp,1685042,7964
8,reverse,2100,string_quick3,146792,39448
8,reverse,2100,msd_plain,611041,10214
8,reverse,2100,msd_switch,323667,21598
8,almost,2100,quick_std,562292,319196
8,almost,2100,merge_std,1521208,25584
8,almost,2100,merge_lcp,1557958,9205
8,almost,2100,string_quick3,172000,47446
8,almost,2100,msd_plain,607209,10142
8,almost,2100,msd_switch,344667,27588
8,random,2200,quick_std,739625,339822
8,random,2200,merge_std,1922375,30480
8,random,2200,merge_lcp,1991375,20257
8,random,2200,string_quick3,243917,42174
8,random,2200,msd_plain,648584,10212
8,random,2200,msd_switch,354416,21614
8,reverse,2200,quick_std,420375,274173
8,reverse,2200,merge_std,1629500,18612
8,reverse,2200,merge_lcp,1891917,8329
8,reverse,2200,string_quick3,154667,42989
8,reverse,2200,msd_plain,627375,10720
8,reverse,2200,msd_switch,366791,22535
8,almost,2200,quick_std,636667,342424
8,almost,2200,merge_std,1617417,27399
8,almost,2200,merge_lcp,1625917,9678
8,almost,2200,string_quick3,200542,56158
8,almost,2200,msd_plain,620167,10642
8,almost,2200,msd_switch,340417,28910
8,random,2300,quick_std,818584,356616
8,random,2300,merge_std,2017792,32177
8,random,2300,merge_lcp,2096792,21238
8,random,2300,string_quick3,254250,42931
8,random,2300,msd_plain,617208,10728
8,random,2300,msd_switch,379208,23106
8,reverse,2300,quick_std,454417,301741
8,reverse,2300,merge_std,1668375,19414
8,reverse,2300,merge_lcp,1803667,8683
8,reverse,2300,string_quick3,155792,43414
8,reverse,2300,msd_plain,650667,11190
8,reverse,2300,msd_switch,349417,23501
8,almost,2300,quick_std,604625,345676
8,almost,2300,merge_std,1588625,28640
8,almost,2300,merge_lcp,1727750,10139
8,almost,2300,string_quick3,202625,53324
8,almost,2300,msd_plain,663583,11092
8,almost,2300,msd_switch,472375,30398
8,random,2400,quick_std,805417,377332
8,random,2400,merge_std,2124250,33823
8,random,2400,merge_lcp,2219375,22224
8,random,2400,string_quick3,276750,48205
8,random,2400,msd_plain,646958,11284
8,random,2400,msd_switch,391334,24373
8,reverse,2400,quick_std,491209,326205
8,reverse,2400,merge_std,1794500,20191
8,reverse,2400,merge_lcp,1887459,9042
8,reverse,2400,string_quick3,173500,46429
8,reverse,2400,msd_plain,687417,11658
8,reverse,2400,msd_switch,364417,24532
8,almost,2400,quick_std,649125,374413
8,almost,2400,merge_std,1676375,30189
8,almost,2400,merge_lcp,1748958,10559
8,almost,2400,string_quick3,200750,56635
8,almost,2400,msd_plain,676875,11608
8,almost,2400,msd_switch,372875,32172
8,random,2500,quick_std,840500,388583
8,random,2500,merge_std,2181958,35630
8,random,2500,merge_lcp,2239375,23168
8,random,2500,string_quick3,320750,48955
8,random,2500,msd_plain,697167,11820
8,random,2500,msd_switch,415542,25906
8,reverse,2500,quick_std,523875,348072
8,reverse,2500,merge_std,1843291,20911
8,reverse,2500,merge_lcp,1983709,9443
8,reverse,2500,string_quick3,170167,48245
8,reverse,2500,msd_plain,721875,12130
8,reverse,2500,msd_switch,382458,25593
8,almost,2500,quick_std,673958,386927
8,almost,2500,merge_std,1771041,31771
8,almost,2500,merge_lcp,1922292,11087
8,almost,2500,string_quick3,215125,62286
8,almost,2500,msd_plain,758250,12108
8,almost,2500,msd_switch,396083,33468
8,random,2600,quick_std,890042,412949
8,random,2600,merge_std,2257000,37377
8,random,2600,merge_lcp,2333708,24173
8,random,2600,string_quick3,325208,50115
8,random,2600,msd_plain,749916,12342
8,random,2600,msd_switch,435292,26878
8,reverse,2600,quick_std,557541,370276
8,reverse,2600,merge_std,1924084,22036
8,reverse,2600,merge_lcp,2098291,9827
8,reverse,2600,string_quick3,179916,50376
8,reverse,2600,msd_plain,773667,12606
8,reverse,2600,msd_switch,490916,26615
8,almost,2600,quick_std,689167,387533
8,almost,2600,merge_std,1860333,33436
8,almost,2600,merge_lcp,1891667,11516
8,almost,2600,string_quick3,217625,52884
8,almost,2600,msd_plain,736917,12612
8,almost,2600,msd_switch,407250,34754
8,random,2700,quick_std,1009000,421940
8,random,2700,merge_std,2422750,39129
8,random,2700,merge_lcp,2500333,25113
8,random,2700,string_quick3,303417,48392
8,random,2700,msd_plain,737167,12892
8,random,2700,msd_switch,449667,28125
8,reverse,2700,quick_std,592375,392708
8,reverse,2700,merge_std,2011333,22998
8,reverse,2700,merge_lcp,2113959,10199
8,reverse,2700,string_quick3,186792,53729
8,reverse,2700,msd_plain,764875,13098
8,reverse,2700,msd_switch,404625,27588
8,almost,2700,quick_std,738000,413049
8,almost,2700,merge_std,1954667,34556
8,almost,2700,merge_lcp,1963875,11966
8,almost,2700,string_quick3,219583,60410
8,almost,2700,msd_plain,768833,13088
8,almost,2700,msd_switch,420750,36207
8,random,2800,quick_std,964375,435218
8,random,2800,merge_std,2567875,40863
8,random,2800,merge_lcp,2507625,26057
8,random,2800,string_quick3,324666,56816
8,random,2800,msd_plain,801000,13418
8,random,2800,msd_switch,467583,28941
8,reverse,2800,quick_std,677333,413237
8,reverse,2800,merge_std,2077250,23640
8,reverse,2800,merge_lcp,2174875,10579
8,reverse,2800,string_quick3,193583,55705
8,reverse,2800,msd_plain,838667,13598
8,reverse,2800,msd_switch,421166,28619
8,almost,2800,quick_std,791875,435717
8,almost,2800,merge_std,2140750,36124
8,almost,2800,merge_lcp,2056584,12454
8,almost,2800,string_quick3,230542,66768
8,almost,2800,msd_plain,793458,13572
8,almost,2800,msd_switch,472833,37809
8,random,2900,quick_std,1094041,457381
8,random,2900,merge_std,2549958,42619
8,random,2900,merge_lcp,2627625,27046
8,random,2900,string_quick3,336583,58119
8,random,2900,msd_plain,834666,13980
8,random,2900,msd_switch,479875,30910
8,reverse,2900,quick_std,662583,439747
8,reverse,2900,merge_std,2251208,24626
8,reverse,2900,merge_lcp,2298458,10967
8,reverse,2900,string_quick3,215250,58686
8,reverse,2900,msd_plain,931250,14078
8,reverse,2900,msd_switch,438292,29738
8,almost,2900,quick_std,772209,441998
8,almost,2900,merge_std,2152834,37309
8,almost,2900,merge_lcp,2223042,12990
8,almost,2900,string_quick3,247417,69505
8,almost,2900,msd_plain,919542,14070
8,almost,2900,msd_switch,476416,38911
8,random,3000,quick_std,1009666,462850
8,random,3000,merge_std,2797125,44446
8,random,3000,merge_lcp,2947000,28048
8,random,3000,string_quick3,341791,59151
8,random,3000,msd_plain,853334,14528
8,random,3000,msd_switch,504250,32093
8,reverse,3000,quick_std,694583,458178
8,reverse,3000,merge_std,2513417,25758
8,reverse,3000,merge_lcp,2365292,11337
8,reverse,3000,string_quick3,211875,62344
8,reverse,3000,msd_plain,862417,14562
8,reverse,3000,msd_switch,500708,30767
8,almost,3000,quick_std,693417,458853
8,almost,3000,merge_std,2306209,38441
8,almost,3000,merge_lcp,2194417,13489
8,almost,3000,string_quick3,252958,72666
8,almost,3000,msd_plain,866375,14552
8,almost,3000,msd_switch,488416,40406
9,random,100,quick_std,29583,14138
9,random,100,merge_std,60208,602
9,random,100,merge_lcp,59334,504
9,random,100,string_quick3,8291,1133
9,random,100,msd_plain,21458,344
9,random,100,msd_switch,12417,380
9,reverse,100,quick_std,22083,13498
9,reverse,100,merge_std,54208,579
9,reverse,100,merge_lcp,56959,344
9,reverse,100,string_quick3,5625,974
9,reverse,100,msd_plain,27625,474
9,reverse,100,msd_switch,16208,965
9,almost,100,quick_std,24333,13461
9,almost,100,merge_std,34667,726
9,almost,100,merge_lcp,33958,364
9,almost,100,string_quick3,5750,1389
9,almost,100,msd_plain,27291,496
9,almost,100,msd_switch,13583,1247
9,random,200,quick_std,58125,27474
9,random,200,merge_std,129375,1499
9,random,200,merge_lcp,130916,1184
9,random,200,string_quick3,16833,2414
9,random,200,msd_plain,47042,784
9,random,200,msd_switch,25500,940
9,reverse,200,quick_std,43667,28011
9,reverse,200,merge_std,113625,1299
9,reverse,200,merge_lcp,115583,729
9,reverse,200,string_quick3,12125,2880
9,reverse,200,msd_plain,54875,950
9,reverse,200,msd_switch,30667,1953
9,almost,200,quick_std,50542,27108
9,almost,200,merge_std,82042,1667
9,almost,200,merge_lcp,82959,744
9,almost,200,string_quick3,11666,2439
9,almost,200,msd_plain,56292,982
9,almost,200,msd_switch,30417,2687
9,random,300,quick_std,90541,41916
9,random,300,merge_std,200416,2536
9,random,300,merge_lcp,213292,1906
9,random,300,string_quick3,26500,3703
9,random,300,msd_plain,70250,1210
9,random,300,msd_switch,40417,1608
9,reverse,300,quick_std,60625,38555
9,reverse,300,merge_std,176750,1994
9,reverse,300,merge_lcp,191500,1103
9,reverse,300,string_quick3,17750,4298
9,reverse,300,msd_plain,84042,1428
9,reverse,300,msd_switch,45667,2944
9,almost,300,quick_std,79000,41977
9,almost,300,merge_std,136584,2679
9,almost,300,merge_lcp,138959,1122
9,almost,300,string_quick3,18875,4367
9,almost,300,msd_plain,86583,1480
9,almost,300,msd_switch,47541,4170
9,random,400,quick_std,121584,58426
9,random,400,merge_std,274500,3680
9,random,400,merge_lcp,325500,2709
9,random,400,string_quick3,36167,5671
9,random,400,msd_plain,98125,1636
9,random,400,msd_switch,70125,2310
9,reverse,400,quick_std,90833,56644
9,reverse,400,merge_std,256958,2818
9,reverse,400,merge_lcp,260291,1476
9,reverse,400,string_quick3,24125,6271
9,reverse,400,msd_plain,113334,1932
9,reverse,400,msd_switch,62250,3982
9,almost,400,quick_std,106541,59888
9,almost,400,merge_std,197959,3815
9,almost,400,merge_lcp,199625,1527
9,almost,400,string_quick3,25042,4980
9,almost,400,msd_plain,115750,1954
9,almost,400,msd_switch,62500,5652
9,random,500,quick_std,152500,72401
9,random,500,merge_std,346292,4849
9,random,500,merge_lcp,367291,3486
9,random,500,string_quick3,47125,7703
9,random,500,msd_plain,121292,2068
9,random,500,msd_switch,71458,3167
9,reverse,500,quick_std,94292,60089
9,reverse,500,merge_std,313458,3759
9,reverse,500,merge_lcp,342958,1836
9,reverse,500,string_quick3,29666,7646
9,reverse,500,msd_plain,140375,2418
9,reverse,500,msd_switch,76833,4935
9,almost,500,quick_std,130042,73620
9,almost,500,merge_std,258125,4741
9,almost,500,merge_lcp,269125,1932
9,almost,500,string_quick3,33083,7417
9,almost,500,msd_plain,143334,2432
9,almost,500,msd_switch,78625,6978
9,random,600,quick_std,186166,90601
9,random,600,merge_std,431625,6126
9,random,600,merge_lcp,502167,4369
9,random,600,string_quick3,61084,8539
9,random,600,msd_plain,146000,2498
9,random,600,msd_switch,86666,3985
9,reverse,600,quick_std,124500,80169
9,reverse,600,merge_std,379209,4369
9,reverse,600,merge_lcp,412458,2215
9,reverse,600,string_quick3,37000,9580
9,reverse,600,msd_plain,168750,2906
9,reverse,600,msd_switch,91750,5994
9,almost,600,quick_std,154584,85791
9,almost,600,merge_std,326875,6092
9,almost,600,merge_lcp,332875,2327
9,almost,600,string_quick3,40833,9211
9,almost,600,msd_plain,172042,2912
9,almost,600,msd_switch,95291,8245
9,random,700,quick_std,224166,105967
9,random,700,merge_std,503625,7376
9,random,700,merge_lcp,527250,5208
9,random,700,string_quick3,68791,10586
9,random,700,msd_plain,170125,2918
9,random,700,msd_switch,102791,5008
9,reverse,700,quick_std,160000,106317
9,reverse,700,merge_std,453875,5237
9,reverse,700,merge_lcp,527292,2578
9,reverse,700,string_quick3,43709,11211
9,reverse,700,msd_plain,200167,3388
9,reverse,700,msd_switch,107167,6990
9,almost,700,quick_std,181167,99671
9,almost,700,merge_std,396750,7391
9,almost,700,merge_lcp,394708,2741
9,almost,700,string_quick3,52583,13212
9,almost,700,msd_plain,197375,3362
9,almost,700,msd_switch,108458,9829
9,random,800,quick_std,333417,122818
9,random,800,merge_std,579292,8775
9,random,800,merge_lcp,623667,6088
9,random,800,string_quick3,83292,12986
9,random,800,msd_plain,194875,3360
9,random,800,msd_switch,124333,5789
9,reverse,800,quick_std,189167,112829
9,reverse,800,merge_std,517541,6038
9,reverse,800,merge_lcp,560834,2967
9,reverse,800,string_quick3,49875,13275
9,reverse,800,msd_plain,271542,3858
9,reverse,800,msd_switch,135875,8037
9,almost,800,quick_std,235333,119123
9,almost,800,merge_std,458250,8550
9,almost,800,merge_lcp,501833,3147
9,almost,800,string_quick3,58417,15024
9,almost,800,msd_plain,221792,3830
9,almost,800,msd_switch,122875,11008
9,random,900,quick_std,285959,137472
9,random,900,merge_std,661375,10183
9,random,900,merge_lcp,703375,7016
9,random,900,string_quick3,89875,14325
9,random,900,msd_plain,222167,3818
9,random,900,msd_switch,157416,6602
9,reverse,900,quick_std,182833,122248
9,reverse,900,merge_std,617625,6919
9,reverse,900,merge_lcp,619459,3331
9,reverse,900,string_quick3,55083,14882
9,reverse,900,msd_plain,282250,4326
9,reverse,900,msd_switch,139041,9006
9,almost,900,quick_std,241459,135133
9,almost,900,merge_std,520584,9560
9,almost,900,merge_lcp,526500,3556
9,almost,900,string_quick3,63541,15559
9,almost,900,msd_plain,286000,4320
9,almost,900,msd_switch,138167,12178
9,random,1000,quick_std,325750,157322
9,random,1000,merge_std,754166,11574
9,random,1000,merge_lcp,782125,7887
9,random,1000,string_quick3,100667,16067
9,random,1000,msd_plain,244667,4282
9,random,1000,msd_switch,150583,7683
9,reverse,1000,quick_std,190708,119604
9,reverse,1000,merge_std,665584,8000
9,reverse,1000,merge_lcp,759500,3718
9,reverse,1000,string_quick3,70417,16664
9,reverse,1000,msd_plain,285208,4832
9,reverse,1000,msd_switch,151042,10023
9,almost,1000,quick_std,257292,146294
9,almost,1000,merge_std,600708,10645
9,almost,1000,merge_lcp,603125,3978
9,almost,1000,string_quick3,73708,18592
9,almost,1000,msd_plain,280375,4774
9,almost,1000,msd_switch,155458,13585
9,random,1100,quick_std,358292,173817
9,random,1100,merge_std,826750,13065
9,random,1100,merge_lcp,905584,9029
9,random,1100,string_quick3,111875,19558
9,random,1100,msd_plain,272208,4740
9,random,1100,msd_switch,167375,8856
9,reverse,1100,quick_std,227625,136368
9,reverse,1100,merge_std,756917,8722
9,reverse,1100,merge_lcp,807791,4086
9,reverse,1100,string_quick3,69000,18526
9,reverse,1100,msd_plain,308583,5302
9,reverse,1100,msd_switch,169417,11078
9,almost,1100,quick_std,283666,161699
9,almost,1100,merge_std,684500,12181
9,almost,1100,merge_lcp,723000,4457
9,almost,1100,string_quick3,78875,19902
9,almost,1100,msd_plain,305125,5266
9,almost,1100,msd_switch,168458,15238
9,random,1200,quick_std,391875,187556
9,random,1200,merge_std,976875,14540
9,random,1200,merge_lcp,991750,10000
9,random,1200,string_quick3,122000,20771
9,random,1200,msd_plain,296500,5192
9,random,1200,msd_switch,184041,9911
9,reverse,1200,quick_std,243916,160523
9,reverse,1200,merge_std,813792,9417
9,reverse,1200,merge_lcp,874875,4463
9,reverse,1200,string_quick3,76750,20896
9,reverse,1200,msd_plain,340167,5802
9,reverse,1200,msd_switch,182042,12185
9,almost,1200,quick_std,310375,176089
9,almost,1200,merge_std,743041,13694
9,almost,1200,merge_lcp,798209,4839
9,almost,1200,string_quick3,86875,21480
9,almost,1200,msd_plain,333917,5764
9,almost,1200,msd_switch,184875,16620
9,random,1300,quick_std,421792,197885
9,random,1300,merge_std,1007708,16022
9,random,1300,merge_lcp,1107042,10905
9,random,1300,string_quick3,134500,21967
9,random,1300,msd_plain,325375,5680
9,random,1300,msd_switch,200417,11021
9,reverse,1300,quick_std,276333,184708
9,reverse,1300,merge_std,901500,10423
9,reverse,1300,merge_lcp,1028167,4834
9,reverse,1300,string_quick3,83583,22577
9,reverse,1300,msd_plain,364750,6266
9,reverse,1300,msd_switch,197916,13122
9,almost,1300,quick_std,332209,187475
9,almost,1300,merge_std,811334,15157
9,almost,1300,merge_lcp,849542,5314
9,almost,1300,string_quick3,94125,23239
9,almost,1300,msd_plain,366959,6274
9,almost,1300,msd_switch,202917,17748
9,random,1400,quick_std,466083,222844
9,random,1400,merge_std,1138333,17581
9,random,1400,merge_lcp,1167583,11799
9,random,1400,string_quick3,147667,22551
9,random,1400,msd_plain,351584,6168
9,random,1400,msd_switch,217208,12117
9,reverse,1400,quick_std,309625,206100
9,reverse,1400,merge_std,967458,11213
9,reverse,1400,merge_lcp,1062084,5221
9,reverse,1400,string_quick3,90959,25294
9,reverse,1400,msd_plain,391375,6762
9,reverse,1400,msd_switch,213167,14237
9,almost,1400,quick_std,364791,203763
9,almost,1400,merge_std,947375,16347
9,almost,1400,merge_lcp,937250,5722
9,almost,1400,string_quick3,101292,25368
9,almost,1400,msd_plain,393958,6756
9,almost,1400,msd_switch,218291,18915
9,random,1500,quick_std,497542,235859
9,random,1500,merge_std,1202792,19152
9,random,1500,merge_lcp,1255583,12744
9,random,1500,string_quick3,160209,25433
9,random,1500,msd_plain,434208,6662
9,random,1500,msd_switch,238375,13090
9,reverse,1500,quick_std,343958,228849
9,reverse,1500,merge_std,1053250,12132
9,reverse,1500,merge_lcp,1111875,5608
9,reverse,1500,string_quick3,100541,27795
9,reverse,1500,msd_plain,420167,7250
9,reverse,1500,msd_switch,226125,15218
9,almost,1500,quick_std,394458,216740
9,almost,1500,merge_std,976584,17544
9,almost,1500,merge_lcp,988125,6227
9,almost,1500,string_quick3,109166,26156
9,almost,1500,msd_plain,427833,7244
9,almost,1500,msd_switch,232584,20314
9,random,1600,quick_std,523291,248119
9,random,1600,merge_std,1286583,20785
9,random,1600,merge_lcp,1352375,13682
9,random,1600,string_quick3,171875,26190
9,random,1600,msd_plain,411125,7154
9,random,1600,msd_switch,251458,14295
9,reverse,1600,quick_std,376916,231813
9,reverse,1600,merge_std,1200125,12973
9,reverse,1600,merge_lcp,1186333,5975
9,reverse,1600,string_quick3,110625,29919
9,reverse,1600,msd_plain,452583,7752
9,reverse,1600,msd_switch,244333,16328
9,almost,1600,quick_std,421959,238148
9,almost,1600,merge_std,1062792,18963
9,almost,1600,merge_lcp,1099167,6725
9,almost,1600,string_quick3,118833,28428
9,almost,1600,msd_plain,488208,7722
9,almost,1600,msd_switch,263417,21526
9,random,1700,quick_std,568875,265742
9,random,1700,merge_std,1393291,22310
9,random,1700,merge_lcp,1421792,14693
9,random,1700,string_quick3,190625,30336
9,random,1700,msd_plain,440041,7642
9,random,1700,msd_switch,266958,15524
9,reverse,1700,quick_std,363167,237592
9,reverse,1700,merge_std,1238000,13905
9,reverse,1700,merge_lcp,1274000,6378
9,reverse,1700,string_quick3,117250,32095
9,reverse,1700,msd_plain,478334,8226
9,reverse,1700,msd_switch,257292,17296
9,almost,1700,quick_std,440958,249177
9,almost,1700,merge_std,1126542,20430
9,almost,1700,merge_lcp,1138416,7177
9,almost,1700,string_quick3,137792,35176
9,almost,1700,msd_plain,496500,8224
9,almost,1700,msd_switch,263708,23015
9,random,1800,quick_std,603167,284795
9,random,1800,merge_std,1471417,23915
9,random,1800,merge_lcp,1528167,15678
9,random,1800,string_quick3,198417,31267
9,random,1800,msd_plain,464834,8146
9,random,1800,msd_switch,282917,16675
9,reverse,1800,quick_std,365083,240681
9,reverse,1800,merge_std,1273417,14930
9,reverse,1800,merge_lcp,1361958,6779
9,reverse,1800,string_quick3,124667,34813
9,reverse,1800,msd_plain,510125,8734
9,reverse,1800,msd_switch,275792,18412
9,almost,1800,quick_std,466417,259577
9,almost,1800,merge_std,1192542,21441
9,almost,1800,merge_lcp,1275500,7580
9,almost,1800,string_quick3,140458,34932
9,almost,1800,msd_plain,511250,8708
9,almost,1800,msd_switch,278500,24109
9,random,1900,quick_std,630625,290633
9,random,1900,merge_std,1542750,25569
9,random,1900,merge_lcp,1614875,16649
9,random,1900,string_quick3,213542,33477
9,random,1900,msd_plain,515542,8666
9,random,1900,msd_switch,305625,17957
9,reverse,1900,quick_std,365250,241198
9,reverse,1900,merge_std,1346625,16084
9,reverse,1900,merge_lcp,1440750,7177
9,reverse,1900,string_quick3,127375,35693
9,reverse,1900,msd_plain,540167,9202
9,reverse,1900,msd_switch,290792,19480
9,almost,1900,quick_std,548625,283657
9,almost,1900,merge_std,1292541,22725
9,almost,1900,merge_lcp,1310459,8117
9,almost,1900,string_quick3,154167,40622
9,almost,1900,msd_plain,542375,9212
9,almost,1900,msd_switch,296166,25438
9,random,2000,quick_std,672125,315286
9,random,2000,merge_std,1694083,27174
9,random,2000,merge_lcp,1692041,17637
9,random,2000,string_quick3,216417,35517
9,random,2000,msd_plain,534084,9206
9,random,2000,msd_switch,321000,19329
9,reverse,2000,quick_std,371959,240469
9,reverse,2000,merge_std,1426750,17052
9,reverse,2000,merge_lcp,1557625,7555
9,reverse,2000,string_quick3,136000,38028
9,reverse,2000,msd_plain,574709,9682
9,reverse,2000,msd_switch,306708,20580
9,almost,2000,quick_std,521042,291294
9,almost,2000,merge_std,1358875,23534
9,almost,2000,merge_lcp,1380375,8567
9,almost,2000,string_quick3,156875,39779
9,almost,2000,msd_plain,597000,9672
9,almost,2000,msd_switch,328792,26833
9,random,2100,quick_std,708291,333461
9,random,2100,merge_std,1728500,28868
9,random,2100,merge_lcp,1867708,19036
9,random,2100,string_quick3,235125,35319
9,random,2100,msd_plain,564792,9726
9,random,2100,msd_switch,366209,20319
9,reverse,2100,quick_std,401125,254201
9,reverse,2100,merge_std,1487209,17931
9,reverse,2100,merge_lcp,1681125,7923
9,reverse,2100,string_quick3,149709,41570
9,reverse,2100,msd_plain,606166,10170
9,reverse,2100,msd_switch,321334,21553
9,almost,2100,quick_std,554666,311107
9,almost,2100,merge_std,1452416,25309
9,almost,2100,merge_lcp,1538417,9111
9,almost,2100,string_quick3,175166,49986
9,almost,2100,msd_plain,602709,10134
9,almost,2100,msd_switch,327209,28361
9,random,2200,quick_std,744833,342556
9,random,2200,merge_std,1900167,30507
9,random,2200,merge_lcp,1949250,20217
9,random,2200,string_quick3,243500,39277
9,random,2200,msd_plain,596750,10206
9,random,2200,msd_switch,355541,21470
9,reverse,2200,quick_std,424709,272959
9,reverse,2200,merge_std,1603084,18581
9,reverse,2200,merge_lcp,1752333,8276
9,reverse,2200,string_quick3,151875,43810
9,reverse,2200,msd_plain,634166,10652
9,reverse,2200,msd_switch,336292,22571
9,almost,2200,quick_std,580375,324405
9,almost,2200,merge_std,1517750,27057
9,almost,2200,merge_lcp,1683292,9610
9,almost,2200,string_quick3,199042,59228
9,almost,2200,msd_plain,631417,10618
9,almost,2200,msd_switch,339458,29533
9,random,2300,quick_std,787250,362082
9,random,2300,merge_std,1937292,32276
9,random,2300,merge_lcp,2113083,21247
9,random,2300,string_quick3,259584,40617
9,random,2300,msd_plain,632958,10696
9,random,2300,msd_switch,371167,22713
9,reverse,2300,quick_std,450666,298802
9,reverse,2300,merge_std,1660750,19435
9,reverse,2300,merge_lcp,1882500,8669
9,reverse,2300,string_quick3,158500,44395
9,reverse,2300,msd_plain,663917,11138
9,reverse,2300,msd_switch,351375,23609
9,almost,2300,quick_std,600125,337677
9,almost,2300,merge_std,1600625,28512
9,almost,2300,merge_lcp,1696750,10035
9,almost,2300,string_quick3,208458,53027
9,almost,2300,msd_plain,669875,11112
9,almost,2300,msd_switch,356708,31010
9,random,2400,quick_std,797250,372660
9,random,2400,merge_std,2057875,33913
9,random,2400,merge_lcp,2160958,22256
9,random,2400,string_quick3,269166,42813
9,random,2400,msd_plain,659292,11228
9,random,2400,msd_switch,393250,23934
9,reverse,2400,quick_std,493000,323360
9,reverse,2400,merge_std,1749500,20016
9,reverse,2400,merge_lcp,1945375,9048
9,reverse,2400,string_quick3,169250,48202
9,reverse,2400,msd_plain,696750,11618
9,reverse,2400,msd_switch,371750,24543
9,almost,2400,quick_std,617041,353531
9,almost,2400,merge_std,1680667,30019
9,almost,2400,merge_lcp,1756667,10546
9,almost,2400,string_quick3,211958,55594
9,almost,2400,msd_plain,711541,11586
9,almost,2400,msd_switch,373167,31960
9,random,2500,quick_std,840750,392210
9,random,2500,merge_std,2166917,35690
9,random,2500,merge_lcp,2282875,23252
9,random,2500,string_quick3,278917,45802
9,random,2500,msd_plain,685709,11750
9,random,2500,msd_switch,409125,25251
9,reverse,2500,quick_std,525917,345509
9,reverse,2500,merge_std,1853500,20980
9,reverse,2500,merge_lcp,2016625,9456
9,reverse,2500,string_quick3,175541,50384
9,reverse,2500,msd_plain,734958,12090
9,reverse,2500,msd_switch,385166,25561
9,almost,2500,quick_std,643958,362126
9,almost,2500,merge_std,1780958,31781
9,almost,2500,merge_lcp,1905500,10977
9,almost,2500,string_quick3,201375,55176
9,almost,2500,msd_plain,727042,12084
9,almost,2500,msd_switch,388291,33609
9,random,2600,quick_std,876916,412629
9,random,2600,merge_std,2273042,37422
9,random,2600,merge_lcp,2342083,24320
9,random,2600,string_quick3,299875,49788
9,random,2600,msd_plain,716125,12294
9,random,2600,msd_switch,429166,26279
9,reverse,2600,quick_std,554917,367959
9,reverse,2600,merge_std,1994958,22095
9,reverse,2600,merge_lcp,2065750,9852
9,reverse,2600,string_quick3,181500,51946
9,reverse,2600,msd_plain,761167,12606
9,reverse,2600,msd_switch,400000,26710
9,almost,2600,quick_std,694083,393803
9,almost,2600,merge_std,1884792,33225
9,almost,2600,merge_lcp,1913083,11493
9,almost,2600,string_quick3,217750,61027
9,almost,2600,msd_plain,758125,12590
9,almost,2600,msd_switch,403208,34819
9,random,2700,quick_std,918958,426964
9,random,2700,merge_std,2500375,39182
9,random,2700,merge_lcp,2446708,25288
9,random,2700,string_quick3,307417,54239
9,random,2700,msd_plain,731958,12846
9,random,2700,msd_switch,439083,27588
9,reverse,2700,quick_std,612042,391062
9,reverse,2700,merge_std,2002166,22714
9,reverse,2700,merge_lcp,2178375,10208
9,reverse,2700,string_quick3,196500,57419
9,reverse,2700,msd_plain,788417,13090
9,reverse,2700,msd_switch,445958,27743
9,almost,2700,quick_std,754292,416342
9,almost,2700,merge_std,1906334,34099
9,almost,2700,merge_lcp,1949709,11981
9,almost,2700,string_quick3,234792,64120
9,almost,2700,msd_plain,786833,13084
9,almost,2700,msd_switch,428209,35817
9,random,2800,quick_std,938125,439357
9,random,2800,merge_std,2455375,40932
9,random,2800,merge_lcp,2527833,26229
9,random,2800,string_quick3,321792,50923
9,random,2800,msd_plain,784709,13370
9,random,2800,msd_switch,467458,28968
9,reverse,2800,quick_std,624625,410723
9,reverse,2800,merge_std,2115542,23722
9,reverse,2800,merge_lcp,2256958,10576
9,reverse,2800,string_quick3,199250,58874
9,reverse,2800,msd_plain,816708,13574
9,reverse,2800,msd_switch,432583,28767
9,almost,2800,quick_std,744500,428811
9,almost,2800,merge_std,2022709,35681
9,almost,2800,merge_lcp,2055250,12483
9,almost,2800,string_quick3,237542,70003
9,almost,2800,msd_plain,810209,13594
9,almost,2800,msd_switch,432125,37200
9,random,2900,quick_std,987792,454879
9,random,2900,merge_std,2617250,42764
9,random,2900,merge_lcp,2566875,27222
9,random,2900,string_quick3,341625,57666
9,random,2900,msd_plain,814584,13946
9,random,2900,msd_switch,508583,30570
9,reverse,2900,quick_std,660917,436397
9,reverse,2900,merge_std,2195500,24784
9,reverse,2900,merge_lcp,2303208,10956
9,reverse,2900,string_quick3,206042,59943
9,reverse,2900,msd_plain,868250,14042
9,reverse,2900,msd_switch,447125,29689
9,almost,2900,quick_std,759334,425209
9,almost,2900,merge_std,2085709,37378
9,almost,2900,merge_lcp,2125833,13027
9,almost,2900,string_quick3,238625,63244
9,almost,2900,msd_plain,843167,14098
9,almost,2900,msd_switch,454667,38681
9,random,3000,quick_std,1021583,470066
9,random,3000,merge_std,2661375,44514
9,random,3000,merge_lcp,2650417,28215
9,random,3000,string_quick3,347542,57969
9,random,3000,msd_plain,836583,14504
9,random,3000,msd_switch,496042,32279
9,reverse,3000,quick_std,696667,462932
9,reverse,3000,merge_std,2280750,25797
9,reverse,3000,merge_lcp,2372625,11335
9,reverse,3000,string_quick3,215459,63317
9,reverse,3000,msd_plain,884417,14550
9,reverse,3000,msd_switch,484792,30784
9,almost,3000,quick_std,679416,445500
9,almost,3000,merge_std,2135417,38120
9,almost,3000,merge_lcp,2146708,13507
9,almost,3000,string_quick3,237292,64391
9,almost,3000,msd_plain,877625,14576
9,almost,3000,msd_switch,472833,40815
10,random,100,quick_std,29125,13767
10,random,100,merge_std,57666,585
10,random,100,merge_lcp,59000,524
10,random,100,string_quick3,7042,1164
10,random,100,msd_plain,22500,332
10,random,100,msd_switch,13500,345
10,reverse,100,quick_std,23167,14590
10,reverse,100,merge_std,54084,596
10,reverse,100,merge_lcp,53916,345
10,reverse,100,string_quick3,5625,1099
10,reverse,100,msd_plain,28167,470
10,reverse,100,msd_switch,15292,903
10,almost,100,quick_std,24917,14164
10,almost,100,merge_std,36750,692
10,almost,100,merge_lcp,38291,361
10,almost,100,string_quick3,6000,1552
10,almost,100,msd_plain,30208,494
10,almost,100,msd_switch,15792,1493
10,random,200,quick_std,72500,28650
10,random,200,merge_std,139000,1484
10,random,200,merge_lcp,128375,1197
10,random,200,string_quick3,16166,2565
10,random,200,msd_plain,50083,804
10,random,200,msd_switch,26916,903
10,reverse,200,quick_std,45250,29464
10,reverse,200,merge_std,117000,1306
10,reverse,200,merge_lcp,117500,717
10,reverse,200,string_quick3,11834,2653
10,reverse,200,msd_plain,54458,946
10,reverse,200,msd_switch,29459,1991
10,almost,200,quick_std,51416,28911
10,almost,200,merge_std,88833,1672
10,almost,200,merge_lcp,91041,752
10,almost,200,string_quick3,12042,2793
10,almost,200,msd_plain,56667,964
10,almost,200,msd_switch,31000,2802
10,random,300,quick_std,90041,42927
10,random,300,merge_std,203750,2530
10,random,300,merge_lcp,213250,1930
10,random,300,string_quick3,25792,3864
10,random,300,msd_plain,76416,1240
10,random,300,msd_switch,41250,1594
10,reverse,300,quick_std,60125,39210
10,reverse,300,merge_std,186333,2040
10,reverse,300,merge_lcp,197250,1083
10,reverse,300,string_quick3,19208,4729
10,reverse,300,msd_plain,94875,1414
10,reverse,300,msd_switch,46291,3007
10,almost,300,quick_std,76500,43485
10,almost,300,merge_std,155084,2794
10,almost,300,merge_lcp,151708,1172
10,almost,300,string_quick3,18917,4301
10,almost,300,msd_plain,83500,1428
10,almost,300,msd_switch,46917,3981
10,random,400,quick_std,123500,58468
10,random,400,merge_std,290250,3637
10,random,400,merge_lcp,295875,2687
10,random,400,string_quick3,35459,5480
10,random,400,msd_plain,105334,1658
10,random,400,msd_switch,73542,2310
10,reverse,400,quick_std,88459,57202
10,reverse,400,merge_std,251250,2818
10,reverse,400,merge_lcp,262333,1446
10,reverse,400,string_quick3,26042,6318
10,reverse,400,msd_plain,116958,1920
10,reverse,400,msd_switch,62292,4093
10,almost,400,quick_std,104167,57776
10,almost,400,merge_std,218958,3872
10,almost,400,merge_lcp,212500,1538
10,almost,400,string_quick3,27834,5742
10,almost,400,msd_plain,110667,1888
10,almost,400,msd_switch,61666,4940
10,random,500,quick_std,156333,73265
10,random,500,merge_std,351833,4821
10,random,500,merge_lcp,367500,3436
10,random,500,string_quick3,48333,7660
10,random,500,msd_plain,128375,2094
10,random,500,msd_switch,73125,3109
10,reverse,500,quick_std,92666,60633
10,reverse,500,merge_std,344166,3705
10,reverse,500,merge_lcp,328666,1847
10,reverse,500,string_quick3,32000,8456
10,reverse,500,msd_plain,142209,2386
10,reverse,500,msd_switch,77083,5108
10,almost,500,quick_std,128041,71401
10,almost,500,merge_std,272958,4916
10,almost,500,merge_lcp,271375,1946
10,almost,500,string_quick3,35500,7720
10,almost,500,msd_plain,138500,2352
10,almost,500,msd_switch,78375,6496
10,random,600,quick_std,190917,89947
10,random,600,merge_std,482458,6143
10,random,600,merge_lcp,456416,4331
10,random,600,string_quick3,57875,8686
10,random,600,msd_plain,153542,2548
10,random,600,msd_switch,89583,4060
10,reverse,600,quick_std,122583,81554
10,reverse,600,merge_std,391792,4432
10,reverse,600,merge_lcp,412833,2224
10,reverse,600,string_quick3,38416,10009
10,reverse,600,msd_plain,167375,2870
10,reverse,600,msd_switch,92083,6179
10,almost,600,quick_std,149833,85997
10,almost,600,merge_std,334167,6225
10,almost,600,merge_lcp,338709,2344
10,almost,600,string_quick3,41834,9538
10,almost,600,msd_plain,170125,2840
10,almost,600,msd_switch,94250,7771
10,random,700,quick_std,225500,107183
10,random,700,merge_std,512666,7433
10,random,700,merge_lcp,531708,5178
10,random,700,string_quick3,68417,11535
10,random,700,msd_plain,176958,3002
10,random,700,msd_switch,104292,4887
10,reverse,700,quick_std,153625,99706
10,reverse,700,merge_std,462583,5220
10,reverse,700,merge_lcp,483875,2621
10,reverse,700,string_quick3,44542,11966
10,reverse,700,msd_plain,195375,3324
10,reverse,700,msd_switch,107250,7188
10,almost,700,quick_std,179458,101604
10,almost,700,merge_std,410459,7388
10,almost,700,merge_lcp,416916,2762
10,almost,700,string_quick3,45542,11562
10,almost,700,msd_plain,199000,3316
10,almost,700,msd_switch,110708,9344
10,random,800,quick_std,254583,121226
10,random,800,merge_std,590166,8781
10,random,800,merge_lcp,656792,6038
10,random,800,string_quick3,79500,12773
10,random,800,msd_plain,203916,3462
10,random,800,msd_switch,122750,5859
10,reverse,800,quick_std,178209,117683
10,reverse,800,merge_std,525042,6077
10,reverse,800,merge_lcp,559375,3027
10,reverse,800,string_quick3,50750,13775
10,reverse,800,msd_plain,224250,3790
10,reverse,800,msd_switch,124750,8229
10,almost,800,quick_std,207083,116843
10,almost,800,merge_std,477333,8674
10,almost,800,merge_lcp,486541,3167
10,almost,800,string_quick3,59167,15528
10,almost,800,msd_plain,227958,3800
10,almost,800,msd_switch,124458,10376
10,random,900,quick_std,289875,138010
10,random,900,merge_std,672500,10174
10,random,900,merge_lcp,698042,6944
10,random,900,string_quick3,89792,13592
10,random,900,msd_plain,227334,3916
10,random,900,msd_switch,137084,6739
10,reverse,900,quick_std,181500,117397
10,reverse,900,merge_std,596209,6923
10,reverse,900,merge_lcp,647333,3382
10,reverse,900,string_quick3,58375,15934
10,reverse,900,msd_plain,251750,4286
10,reverse,900,msd_switch,139166,9204
10,almost,900,quick_std,235125,132538
10,almost,900,merge_std,534541,9647
10,almost,900,merge_lcp,552000,3618
10,almost,900,string_quick3,65708,16384
10,almost,900,msd_plain,255458,4260
10,almost,900,msd_switch,141708,11722
10,random,1000,quick_std,326625,152784
10,random,1000,merge_std,742750,11563
10,random,1000,merge_lcp,778458,7796
10,random,1000,string_quick3,100667,15872
10,random,1000,msd_plain,253084,4376
10,random,1000,msd_switch,153792,7589
10,reverse,1000,quick_std,183959,121795
10,reverse,1000,merge_std,659125,7917
10,reverse,1000,merge_lcp,706334,3757
10,reverse,1000,string_quick3,63375,17202
10,reverse,1000,msd_plain,278917,4770
10,reverse,1000,msd_switch,156333,10182
10,almost,1000,quick_std,259625,147250
10,almost,1000,merge_std,607625,10856
10,almost,1000,merge_lcp,616917,4021
10,almost,1000,string_quick3,69833,17453
10,almost,1000,msd_plain,281958,4748
10,almost,1000,msd_switch,157167,12941
10,random,1100,quick_std,358625,167987
10,random,1100,merge_std,825750,13079
10,random,1100,merge_lcp,895041,8895
10,random,1100,string_quick3,111250,17762
10,random,1100,msd_plain,292459,4860
10,random,1100,msd_switch,173958,8853
10,reverse,1100,quick_std,205125,135290
10,reverse,1100,merge_std,740250,8697
10,reverse,1100,merge_lcp,809041,4130
10,reverse,1100,string_quick3,73875,19600
10,reverse,1100,msd_plain,304959,5240
10,reverse,1100,msd_switch,167708,11192
10,almost,1100,quick_std,280083,161858
10,almost,1100,merge_std,686459,12302
10,almost,1100,merge_lcp,716459,4485
10,almost,1100,string_quick3,75791,18838
10,almost,1100,msd_plain,311709,5232
10,almost,1100,msd_switch,173708,14355
10,random,1200,quick_std,391750,185017
10,random,1200,merge_std,927417,14543
10,random,1200,merge_lcp,971625,9811
10,random,1200,string_quick3,123000,20545
10,random,1200,msd_plain,312625,5336
10,random,1200,msd_switch,188042,9915
10,reverse,1200,quick_std,247083,164901
10,reverse,1200,merge_std,815709,9409
10,reverse,1200,merge_lcp,874750,4503
10,reverse,1200,string_quick3,78917,21744
10,reverse,1200,msd_plain,330917,5734
10,reverse,1200,msd_switch,181959,12197
10,almost,1200,quick_std,308125,176711
10,almost,1200,merge_std,761750,13795
10,almost,1200,merge_lcp,789500,4895
10,almost,1200,string_quick3,87250,20785
10,almost,1200,msd_plain,342000,5722
10,almost,1200,msd_switch,187250,15559
10,random,1300,quick_std,430875,205074
10,random,1300,merge_std,1013833,16043
10,random,1300,merge_lcp,1055000,10723
10,random,1300,string_quick3,135375,21020
10,random,1300,msd_plain,336542,5814
10,random,1300,msd_switch,200875,11117
10,reverse,1300,quick_std,277916,184359
10,reverse,1300,merge_std,897875,10372
10,reverse,1300,merge_lcp,958250,4869
10,reverse,1300,string_quick3,84916,22760
10,reverse,1300,msd_plain,361208,6204
10,reverse,1300,msd_switch,196625,13238
10,almost,1300,quick_std,331750,187995
10,almost,1300,merge_std,833833,15151
10,almost,1300,merge_lcp,860000,5314
10,almost,1300,string_quick3,91333,23126
10,almost,1300,msd_plain,366250,6176
10,almost,1300,msd_switch,203375,16927
10,random,1400,quick_std,461458,217063
10,random,1400,merge_std,1112792,17574
10,random,1400,merge_lcp,1144083,11652
10,random,1400,string_quick3,145750,25384
10,random,1400,msd_plain,366334,6312
10,random,1400,msd_switch,217250,12221
10,reverse,1400,quick_std,309917,205329
10,reverse,1400,merge_std,966458,11147
10,reverse,1400,merge_lcp,1025917,5248
10,reverse,1400,string_quick3,94125,25568
10,reverse,1400,msd_plain,389125,6678
10,reverse,1400,msd_switch,214417,14305
10,almost,1400,quick_std,365625,209801
10,almost,1400,merge_std,919208,16326
10,almost,1400,merge_lcp,938083,5757
10,almost,1400,string_quick3,97750,23938
10,almost,1400,msd_plain,396625,6678
10,almost,1400,msd_switch,220459,18504
10,random,1500,quick_std,498708,233600
10,random,1500,merge_std,1212125,19089
10,random,1500,merge_lcp,1222084,12595
10,random,1500,string_quick3,159708,25810
10,random,1500,msd_plain,389000,6766
10,random,1500,msd_switch,236875,13370
10,reverse,1500,quick_std,342417,227289
10,reverse,1500,merge_std,1041666,12153
10,reverse,1500,merge_lcp,1113042,5641
10,reverse,1500,string_quick3,99875,26966
10,reverse,1500,msd_plain,415750,7144
10,reverse,1500,msd_switch,227833,15329
10,almost,1500,quick_std,392375,224295
10,almost,1500,merge_std,1000834,17974
10,almost,1500,merge_lcp,1016417,6270
10,almost,1500,string_quick3,112792,26691
10,almost,1500,msd_plain,424417,7164
10,almost,1500,msd_switch,232125,20272
10,random,1600,quick_std,537125,253953
10,random,1600,merge_std,1298292,20649
10,random,1600,merge_lcp,1336792,13559
10,random,1600,string_quick3,172375,25798
10,random,1600,msd_plain,416291,7270
10,random,1600,msd_switch,292791,14658
10,reverse,1600,quick_std,381166,237422
10,reverse,1600,merge_std,1121042,12898
10,reverse,1600,merge_lcp,1203625,6028
10,reverse,1600,string_quick3,107291,28956
10,reverse,1600,msd_plain,450417,7634
10,reverse,1600,msd_switch,242291,16382
10,almost,1600,quick_std,419833,243186
10,almost,1600,merge_std,1072166,19293
10,almost,1600,merge_lcp,1142667,6700
10,almost,1600,string_quick3,126750,29485
10,almost,1600,msd_plain,453167,7638
10,almost,1600,msd_switch,251084,21580
10,random,1700,quick_std,562167,260010
10,random,1700,merge_std,1390125,22247
10,random,1700,merge_lcp,1404625,14543
10,random,1700,string_quick3,183167,32921
10,random,1700,msd_plain,451000,7738
10,random,1700,msd_switch,272625,15710
10,reverse,1700,quick_std,380208,240378
10,reverse,1700,merge_std,1188375,13783
10,reverse,1700,merge_lcp,1262250,6379
10,reverse,1700,string_quick3,115833,30892
10,reverse,1700,msd_plain,471250,8140
10,reverse,1700,msd_switch,255500,17324
10,almost,1700,quick_std,446875,257413
10,almost,1700,merge_std,1141125,20547
10,almost,1700,merge_lcp,1220708,7158
10,almost,1700,string_quick3,133250,31868
10,almost,1700,msd_plain,480708,8156
10,almost,1700,msd_switch,264917,22823
10,random,1800,quick_std,589542,274955
10,random,1800,merge_std,1462791,23875
10,random,1800,merge_lcp,1503166,15505
10,random,1800,string_quick3,200750,32349
10,random,1800,msd_plain,507000,8258
10,random,1800,msd_switch,305959,16773
10,reverse,1800,quick_std,362083,236259
10,reverse,1800,merge_std,1274084,14821
10,reverse,1800,merge_lcp,1357041,6768
10,reverse,1800,string_quick3,125583,35111
10,reverse,1800,msd_plain,503500,8620
10,reverse,1800,msd_switch,269750,18394
10,almost,1800,quick_std,467791,268512
10,almost,1800,merge_std,1260250,21437
10,almost,1800,merge_lcp,1228125,7575
10,almost,1800,string_quick3,149000,39027
10,almost,1800,msd_plain,506500,8638
10,almost,1800,msd_switch,290875,24243
10,random,1900,quick_std,643334,293784
10,random,1900,merge_std,1556041,25509
10,random,1900,merge_lcp,1656709,16470
10,random,1900,string_quick3,203666,34270
10,random,1900,msd_plain,506917,8756
10,random,1900,msd_switch,305458,18023
10,reverse,1900,quick_std,366958,240157
10,reverse,1900,merge_std,1350584,15938
10,reverse,1900,merge_lcp,1431334,7130
10,reverse,1900,string_quick3,135208,37087
10,reverse,1900,msd_plain,529750,9094
10,reverse,1900,msd_switch,319375,19373
10,almost,1900,quick_std,480500,275938
10,almost,1900,merge_std,1285250,22845
10,almost,1900,merge_lcp,1315583,8053
10,almost,1900,string_quick3,169959,44760
10,almost,1900,msd_plain,541417,9144
10,almost,1900,msd_switch,297292,26209
10,random,2000,quick_std,671041,314728
10,random,2000,merge_std,1660459,27083
10,random,2000,merge_lcp,1689458,17464
10,random,2000,string_quick3,219583,38158
10,random,2000,msd_plain,543417,9238
10,random,2000,msd_switch,324250,19359
10,reverse,2000,quick_std,372917,246812
10,reverse,2000,merge_std,1576500,16983
10,reverse,2000,merge_lcp,1565458,7533
10,reverse,2000,string_quick3,138000,38652
10,reverse,2000,msd_plain,583709,9582
10,reverse,2000,msd_switch,306875,20422
10,almost,2000,quick_std,513875,294274
10,almost,2000,merge_std,1377667,24017
10,almost,2000,merge_lcp,1404000,8506
10,almost,2000,string_quick3,175042,51908
10,almost,2000,msd_plain,627542,9646
10,almost,2000,msd_switch,332917,27581
10,random,2100,quick_std,736167,327200
10,random,2100,merge_std,1833875,28739
10,random,2100,merge_lcp,1876209,18750
10,random,2100,string_quick3,233083,37082
10,random,2100,msd_plain,578458,9752
10,random,2100,msd_switch,340958,20569
10,reverse,2100,quick_std,389458,253646
10,reverse,2100,merge_std,1640833,17841
10,reverse,2100,merge_lcp,1709750,7910
10,reverse,2100,string_quick3,145125,40368
10,reverse,2100,msd_plain,584834,10066
10,reverse,2100,msd_switch,349125,21387
10,almost,2100,quick_std,546875,309633
10,almost,2100,merge_std,1438709,25535
10,almost,2100,merge_lcp,1548375,9128
10,almost,2100,string_quick3,176292,50294
10,almost,2100,msd_plain,690500,10130
10,almost,2100,msd_switch,335709,29221
10,random,2200,quick_std,763083,347375
10,random,2200,merge_std,1982875,30481
10,random,2200,merge_lcp,1988625,20048
10,random,2200,string_quick3,247291,43018
10,random,2200,msd_plain,600000,10226
10,random,2200,msd_switch,436750,21427
10,reverse,2200,quick_std,461708,276513
10,reverse,2200,merge_std,1623875,18537
10,reverse,2200,merge_lcp,1739791,8286
10,reverse,2200,string_quick3,153541,42572
10,reverse,2200,msd_plain,610916,10552
10,reverse,2200,msd_switch,335792,22400
10,almost,2200,quick_std,566959,324847
10,almost,2200,merge_std,1569000,27342
10,almost,2200,merge_lcp,1600416,9506
10,almost,2200,string_quick3,181167,51288
10,almost,2200,msd_plain,618500,10632
10,almost,2200,msd_switch,340250,30516
10,random,2300,quick_std,780042,368084
10,random,2300,merge_std,2019542,32220
10,random,2300,merge_lcp,2039833,21105
10,random,2300,string_quick3,258583,41747
10,random,2300,msd_plain,633083,10740
10,random,2300,msd_switch,372750,22642
10,reverse,2300,quick_std,462459,299523
10,reverse,2300,merge_std,1711291,19300
10,reverse,2300,merge_lcp,1890083,8670
10,reverse,2300,string_quick3,158833,44441
10,reverse,2300,msd_plain,651917,11028
10,reverse,2300,msd_switch,354250,23418
10,almost,2300,quick_std,604875,341700
10,almost,2300,merge_std,1584834,28698
10,almost,2300,merge_lcp,1698667,10007
10,almost,2300,string_quick3,189000,53078
10,almost,2300,msd_plain,667667,11122
10,almost,2300,msd_switch,357417,31917
10,random,2400,quick_std,813208,381162
10,random,2400,merge_std,2080791,33870
10,random,2400,merge_lcp,2121375,22077
10,random,2400,string_quick3,271250,45304
10,random,2400,msd_plain,670583,11260
10,random,2400,msd_switch,391250,24244
10,reverse,2400,quick_std,494208,327390
10,reverse,2400,merge_std,1788500,20132
10,reverse,2400,merge_lcp,1957208,9056
10,reverse,2400,string_quick3,166167,47288
10,reverse,2400,msd_plain,736375,11540
10,reverse,2400,msd_switch,369917,24465
10,almost,2400,quick_std,624791,356129
10,almost,2400,merge_std,1711125,30568
10,almost,2400,merge_lcp,1770292,10500
10,almost,2400,string_quick3,204625,58087
10,almost,2400,msd_plain,698375,11630
10,almost,2400,msd_switch,404708,33198
10,random,2500,quick_std,876000,394622
10,random,2500,merge_std,2150292,35631
10,random,2500,merge_lcp,2191167,23108
10,random,2500,string_quick3,279125,48435
10,random,2500,msd_plain,677417,11776
10,random,2500,msd_switch,406792,25109
10,reverse,2500,quick_std,535375,346464
10,reverse,2500,merge_std,1907042,20966
10,reverse,2500,merge_lcp,2053000,9449
10,reverse,2500,string_quick3,172417,48988
10,reverse,2500,msd_plain,709541,12004
10,reverse,2500,msd_switch,378708,25501
10,almost,2500,quick_std,671959,380155
10,almost,2500,merge_std,1854916,31896
10,almost,2500,merge_lcp,1872375,11045
10,almost,2500,string_quick3,223208,60352
10,almost,2500,msd_plain,715417,12122
10,almost,2500,msd_switch,390584,34876
10,random,2600,quick_std,893500,409919
10,random,2600,merge_std,2281375,37399
10,random,2600,merge_lcp,2355292,24137
10,random,2600,string_quick3,292500,48702
10,random,2600,msd_plain,755625,12332
10,random,2600,msd_switch,455209,26502
10,reverse,2600,quick_std,573250,364612
10,reverse,2600,merge_std,1932625,21842
10,reverse,2600,merge_lcp,2078333,9814
10,reverse,2600,string_quick3,180834,52501
10,reverse,2600,msd_plain,737959,12472
10,reverse,2600,msd_switch,401084,26531
10,almost,2600,quick_std,691875,399006
10,almost,2600,merge_std,1849042,33267
10,almost,2600,merge_lcp,1900500,11494
10,almost,2600,string_quick3,219125,61609
10,almost,2600,msd_plain,751500,12600
10,almost,2600,msd_switch,409542,36002
10,random,2700,quick_std,919625,429362
10,random,2700,merge_std,2318250,39148
10,random,2700,merge_lcp,2363042,25125
10,random,2700,string_quick3,327667,50063
10,random,2700,msd_plain,743708,12848
10,random,2700,msd_switch,441709,27789
10,reverse,2700,quick_std,592208,391154
10,reverse,2700,merge_std,1996083,22711
10,reverse,2700,merge_lcp,2161125,10196
10,reverse,2700,string_quick3,189625,55745
10,reverse,2700,msd_plain,748125,12956
10,reverse,2700,msd_switch,410125,27431
10,almost,2700,quick_std,712084,406271
10,almost,2700,merge_std,1908084,34435
10,almost,2700,merge_lcp,2033291,11950
10,almost,2700,string_quick3,247791,63933
10,almost,2700,msd_plain,760792,13082
10,almost,2700,msd_switch,421375,37504
10,random,2800,quick_std,958333,446799
10,random,2800,merge_std,2439875,40832
10,random,2800,merge_lcp,2446708,26077
10,random,2800,string_quick3,322750,57592
10,random,2800,msd_plain,772875,13376
10,random,2800,msd_switch,467417,29208
10,reverse,2800,quick_std,627458,412906
10,reverse,2800,merge_std,2151000,23659
10,reverse,2800,merge_lcp,2181750,10574
10,reverse,2800,string_quick3,196125,57098
10,reverse,2800,msd_plain,808917,13432
10,reverse,2800,msd_switch,427042,28488
10,almost,2800,quick_std,763958,436465
10,almost,2800,merge_std,2032208,36256
10,almost,2800,merge_lcp,2028750,12488
10,almost,2800,string_quick3,225500,61425
10,almost,2800,msd_plain,804208,13554
10,almost,2800,msd_switch,438667,39037
10,random,2900,quick_std,1002791,460643
10,random,2900,merge_std,2538541,42568
10,random,2900,merge_lcp,2542167,27085
10,random,2900,string_quick3,329042,53135
10,random,2900,msd_plain,803667,13928
10,random,2900,msd_switch,567125,30724
10,reverse,2900,quick_std,658958,436216
10,reverse,2900,merge_std,2253334,24596
10,reverse,2900,merge_lcp,2336750,10963
10,reverse,2900,string_quick3,206416,59828
10,reverse,2900,msd_plain,810250,13894
10,reverse,2900,msd_switch,440833,29505
10,almost,2900,quick_std,936458,460511
10,almost,2900,merge_std,2226916,37607
10,almost,2900,merge_lcp,2156125,13062
10,almost,2900,string_quick3,273958,72787
10,almost,2900,msd_plain,840084,14054
10,almost,2900,msd_switch,453708,40683
10,random,3000,quick_std,1025208,473550
10,random,3000,merge_std,2679000,44301
10,random,3000,merge_lcp,2662917,28070
10,random,3000,string_quick3,340250,58936
10,random,3000,msd_plain,841500,14454
10,random,3000,msd_switch,516458,32500
10,reverse,3000,quick_std,690042,457144
10,reverse,3000,merge_std,2264333,25789
10,reverse,3000,merge_lcp,2504292,11342
10,reverse,3000,string_quick3,231750,63518
10,reverse,3000,msd_plain,847667,14360
10,reverse,3000,msd_switch,459292,30591
10,almost,3000,quick_std,689916,451647
10,almost,3000,merge_std,2165042,39137
10,almost,3000,merge_lcp,2272583,13735
10,almost,3000,string_quick3,252167,72443
10,almost,3000,msd_plain,901583,14578
10,almost,3000,msd_switch,493708,41846
